Query	Dates range	Impressions	Clicks	CTR %	Avg. position	Avg. click position	Impressions for 1st position	Clicks from pos. 1	CTR % for pos. 1	Impressions for pos. 2-3	Clicks from pos. 2-3	CTR % for pos. 2-3	Avg. impression position for pos. 2-3	Avg. click position from pos. 2-3	Impressions for pos. 4-10	Clicks from pos. 4-10	CTR % for pos. 4-10	Avg. impression position for pos. 4-10	Avg. click position from pos. 4-10	Impressions for pos. 11-50	Clicks from pos. 11-50	CTR % for pos. 11-50	Avg. impression position for pos. 11-50	Avg. click position from pos. 11-50
лореаль париж трайпл актив год выпуска проверить	2026-06-19 - 2026-07-19	19.0	0.0	0.0	6.473684210526316		0.0	0.0		0.0	0.0				19.0	0.0	0.0	6.473684210526316		0.0	0.0			
loreal проверить срок годности	2026-06-19 - 2026-07-19	18.0	0.0	0.0	8.333333333333334		0.0	0.0		0.0	0.0				18.0	0.0	0.0	8.333333333333334		0.0	0.0			
лореаль париж крем как проверить срок годности	2026-06-19 - 2026-07-19	18.0	0.0	0.0	7.5		0.0	0.0		0.0	0.0				16.0	0.0	0.0	7.0		2.0	0.0	0.0	11.5	
vichy проверить срок годности	2026-06-19 - 2026-07-19	9.0	1.0	11.11111111111111	7.555555555555555	7.0	0.0	0.0		0.0	0.0				9.0	1.0	11.11111111111111	7.555555555555555	7.0	0.0	0.0			
batch code	2026-06-19 - 2026-07-19	8.0	2.0	25.0	4.5	3.5	0.0	0.0		2.0	1.0	50.0	3.0	3.0	6.0	1.0	16.666666666666664	5.0	4.0	0.0	0.0			
батч код эсте лаудер проверить	2026-06-19 - 2026-07-19	7.0	0.0	0.0	5.571428571428571		0.0	0.0		3.0	0.0	0.0	3.0		4.0	0.0	0.0	7.5		0.0	0.0			
perfumery makers luxembourg	2026-06-19 - 2026-07-19	7.0	0.0	0.0	4.428571428571429		0.0	0.0		2.0	0.0	0.0	3.0		5.0	0.0	0.0	5.0		0.0	0.0			
посмотреть срок годности тоналки по номеру лореаль тоналки без упаковки	2026-06-19 - 2026-07-19	7.0	2.0	28.57142857142857	5.142857142857143	2.0	0.0	0.0		2.0	2.0	100.0	2.5	2.0	5.0	0.0	0.0	6.2		0.0	0.0			
colour wow пробить срок	2026-06-19 - 2026-07-19	6.0	0.0	0.0	2.6666666666666665		0.0	0.0		6.0	0.0	0.0	2.6666666666666665		0.0	0.0				0.0	0.0			
dior косметика официальный	2026-06-19 - 2026-07-19	6.0	0.0	0.0	22.5		0.0	0.0		0.0	0.0				0.0	0.0				6.0	0.0	0.0	22.5	
chanel официальный сайт косметика	2026-06-19 - 2026-07-19	5.0	0.0	0.0	19.8		0.0	0.0		0.0	0.0				0.0	0.0				5.0	0.0	0.0	19.8	
батч код расшифровка kerastase	2026-06-19 - 2026-07-19	5.0	0.0	0.0	8.0		0.0	0.0		0.0	0.0				5.0	0.0	0.0	8.0		0.0	0.0			
батч код гуччи	2026-06-19 - 2026-07-19	5.0	0.0	0.0	10.6		0.0	0.0		0.0	0.0				3.0	0.0	0.0	9.333333333333334		2.0	0.0	0.0	12.5	
сайт гарньер проверка даты изготовления краски для волос	2026-06-19 - 2026-07-19	4.0	0.0	0.0	5.0		0.0	0.0		0.0	0.0				4.0	0.0	0.0	5.0		0.0	0.0			
батч код эсте лаудер	2026-06-19 - 2026-07-19	4.0	0.0	0.0	4.5		0.0	0.0		1.0	0.0	0.0	2.0		3.0	0.0	0.0	5.333333333333333		0.0	0.0			
проверить батч код gucci	2026-06-19 - 2026-07-19	4.0	0.0	0.0	7.25		0.0	0.0		1.0	0.0	0.0	3.0		3.0	0.0	0.0	8.666666666666666		0.0	0.0			
киллиан проверка батч кода	2026-06-19 - 2026-07-19	4.0	0.0	0.0	10.0		0.0	0.0		0.0	0.0				4.0	0.0	0.0	10.0		0.0	0.0			
vichy срок годности как определить	2026-06-19 - 2026-07-19	4.0	1.0	25.0	9.75	9.0	0.0	0.0		0.0	0.0				2.0	1.0	50.0	8.5	9.0	2.0	0.0	0.0	11.0	
батч код кельвин кляйн	2026-06-19 - 2026-07-19	4.0	0.0	0.0	8.0		0.0	0.0		0.0	0.0				4.0	0.0	0.0	8.0		0.0	0.0			
как проверить подлинность axis-y	2026-06-19 - 2026-07-19	4.0	0.0	0.0	7.5		0.0	0.0		0.0	0.0				4.0	0.0	0.0	7.5		0.0	0.0			
батч код kerastase	2026-06-19 - 2026-07-19	4.0	1.0	25.0	7.0	3.0	0.0	0.0		1.0	1.0	100.0	3.0	3.0	3.0	0.0	0.0	8.333333333333334		0.0	0.0			
проверить батч код	2026-06-19 - 2026-07-19	4.0	1.0	25.0	7.5	5.0	0.0	0.0		0.0	0.0				4.0	1.0	25.0	7.5	5.0	0.0	0.0			
kenzo батч код	2026-06-19 - 2026-07-19	3.0	0.0	0.0	9.0		0.0	0.0		0.0	0.0				3.0	0.0	0.0	9.0		0.0	0.0			
батч код на make up for ever harmony	2026-06-19 - 2026-07-19	3.0	1.0	33.33333333333333	5.666666666666667	1.0	1.0	1.0	100.0	0.0	0.0				2.0	0.0	0.0	8.0		0.0	0.0			
creed батч код	2026-06-19 - 2026-07-19	3.0	2.0	66.66666666666666	5.666666666666667	7.0	0.0	0.0		0.0	0.0				3.0	2.0	66.66666666666666	5.666666666666667	7.0	0.0	0.0			
на виши срок годности как узнать	2026-06-19 - 2026-07-19	3.0	2.0	66.66666666666666	7.666666666666667	1.0	1.0	2.0	200.0	0.0	0.0				0.0	0.0				2.0	0.0	0.0	11.0	
проверить подлинность духов по батч коду на флаконе kenzo	2026-06-19 - 2026-07-19	3.0	1.0	33.33333333333333	7.333333333333333	1.0	1.0	1.0	100.0	0.0	0.0				1.0	0.0	0.0	10.0		1.0	0.0	0.0	11.0	
проверить батч код пако рабана	2026-06-19 - 2026-07-19	3.0	0.0	0.0	10.333333333333334		0.0	0.0		0.0	0.0				1.0	0.0	0.0	9.0		2.0	0.0	0.0	11.0	
pao	2026-06-19 - 2026-07-19	3.0	0.0	0.0	12.0		0.0	0.0		0.0	0.0				1.0	0.0	0.0	10.0		2.0	0.0	0.0	13.0	
где батс код у масла керастаз	2026-06-19 - 2026-07-19	3.0	0.0	0.0	5.666666666666667		0.0	0.0		0.0	0.0				3.0	0.0	0.0	5.666666666666667		0.0	0.0			
creed fragrance batch code	2026-06-19 - 2026-07-19	3.0	1.0	33.33333333333333	5.666666666666667	1.0	1.0	1.0	100.0	0.0	0.0				2.0	0.0	0.0	8.0		0.0	0.0			
бат код крема герлен	2026-06-19 - 2026-07-19	3.0	0.0	0.0	6.666666666666667		0.0	0.0		0.0	0.0				3.0	0.0	0.0	6.666666666666667		0.0	0.0			
батч код mac	2026-06-19 - 2026-07-19	3.0	0.0	0.0	7.333333333333333		0.0	0.0		0.0	0.0				3.0	0.0	0.0	7.333333333333333		0.0	0.0			
проверить виши по батч коду	2026-06-19 - 2026-07-19	3.0	0.0	0.0	9.333333333333334		0.0	0.0		0.0	0.0				2.0	0.0	0.0	8.5		1.0	0.0	0.0	11.0	
axis-y проверить код	2026-06-19 - 2026-07-19	3.0	0.0	0.0	9.333333333333334		0.0	0.0		0.0	0.0				3.0	0.0	0.0	9.333333333333334		0.0	0.0			
срок годности виши по коду	2026-06-19 - 2026-07-19	3.0	0.0	0.0	7.0		0.0	0.0		0.0	0.0				3.0	0.0	0.0	7.0		0.0	0.0			
узнать год выпуска косметики make up forever	2026-06-19 - 2026-07-19	3.0	0.0	0.0	4.333333333333333		0.0	0.0		2.0	0.0	0.0	3.0		1.0	0.0	0.0	7.0		0.0	0.0			
том форд проверка по батч коду	2026-06-19 - 2026-07-19	3.0	2.0	66.66666666666666	7.666666666666667	1.0	1.0	2.0	200.0	0.0	0.0				0.0	0.0				2.0	0.0	0.0	11.0	
проверить оригинальность керастазе	2026-06-19 - 2026-07-19	3.0	1.0	33.33333333333333	4.333333333333333	1.0	1.0	1.0	100.0	0.0	0.0				2.0	0.0	0.0	6.0		0.0	0.0			
батч код том форд проверить	2026-06-19 - 2026-07-19	3.0	0.0	0.0	10.666666666666666		0.0	0.0		0.0	0.0				2.0	0.0	0.0	7.0		1.0	0.0	0.0	18.0	
батч код vichy	2026-06-19 - 2026-07-19	3.0	0.0	0.0	7.666666666666667		0.0	0.0		0.0	0.0				3.0	0.0	0.0	7.666666666666667		0.0	0.0			
батч код 1v03 палетка диор какой год	2026-06-19 - 2026-07-19	3.0	0.0	0.0	4.0		0.0	0.0		0.0	0.0				3.0	0.0	0.0	4.0		0.0	0.0			
jean paul gaultier le male где найти батч код	2026-06-19 - 2026-07-19	3.0	0.0	0.0	7.666666666666667		0.0	0.0		0.0	0.0				2.0	0.0	0.0	5.0		1.0	0.0	0.0	13.0	
батч код кензо	2026-06-19 - 2026-07-19	3.0	0.0	0.0	10.0		0.0	0.0		0.0	0.0				2.0	0.0	0.0	8.5		1.0	0.0	0.0	13.0	
как проверить батч код эсте лаудер	2026-06-19 - 2026-07-19	3.0	1.0	33.33333333333333	7.333333333333333	1.0	1.0	1.0	100.0	0.0	0.0				1.0	0.0	0.0	10.0		1.0	0.0	0.0	11.0	
срок годности эсте лаудер	2026-06-19 - 2026-07-19	3.0	0.0	0.0	9.666666666666666		0.0	0.0		0.0	0.0				2.0	0.0	0.0	8.5		1.0	0.0	0.0	12.0	
диор проверить батч	2026-06-19 - 2026-07-19	3.0	0.0	0.0	7.666666666666667		0.0	0.0		0.0	0.0				3.0	0.0	0.0	7.666666666666667		0.0	0.0			
расшифровать батч код гарньер	2026-06-19 - 2026-07-19	3.0	1.0	33.33333333333333	7.333333333333333	1.0	1.0	1.0	100.0	0.0	0.0				1.0	0.0	0.0	10.0		1.0	0.0	0.0	11.0	
как посмотреть. на подлинность ануа	2026-06-19 - 2026-07-19	3.0	1.0	33.33333333333333	6.333333333333333	1.0	1.0	1.0	100.0	0.0	0.0				2.0	0.0	0.0	9.0		0.0	0.0			
как проверить тональный крем estee lauder на оригинальность	2026-06-19 - 2026-07-19	3.0	1.0	33.33333333333333	7.0	1.0	1.0	1.0	100.0	0.0	0.0				1.0	0.0	0.0	9.0		1.0	0.0	0.0	11.0	
бат код палетки too ced	2026-06-19 - 2026-07-19	3.0	0.0	0.0	4.666666666666667		0.0	0.0		0.0	0.0				3.0	0.0	0.0	4.666666666666667		0.0	0.0			
moncler code	2026-06-19 - 2026-07-19	3.0	0.0	0.0	9.333333333333334		0.0	0.0		0.0	0.0				3.0	0.0	0.0	9.333333333333334		0.0	0.0			
срок годности vichy по коду	2026-06-19 - 2026-07-19	3.0	0.0	0.0	6.666666666666667		0.0	0.0		0.0	0.0				3.0	0.0	0.0	6.666666666666667		0.0	0.0			
батч код на кельвин кляйн	2026-06-19 - 2026-07-19	2.0	0.0	0.0	10.5		0.0	0.0		0.0	0.0				1.0	0.0	0.0	10.0		1.0	0.0	0.0	11.0	
батч кензо	2026-06-19 - 2026-07-19	2.0	0.0	0.0	9.5		0.0	0.0		0.0	0.0				2.0	0.0	0.0	9.5		0.0	0.0			
дата производства на косметики l'oreal professionnel	2026-06-19 - 2026-07-19	2.0	1.0	50.0	3.0	1.0	1.0	1.0	100.0	0.0	0.0				1.0	0.0	0.0	5.0		0.0	0.0			
батч код парфюм проверка на оригинальность roberto cavalli	2026-06-19 - 2026-07-19	2.0	2.0	100.0	1.0	1.0	2.0	2.0	100.0	0.0	0.0				0.0	0.0				0.0	0.0			
проверка батч кода creed	2026-06-19 - 2026-07-19	2.0	0.0	0.0	4.0		0.0	0.0		0.0	0.0				2.0	0.0	0.0	4.0		0.0	0.0			
батч код vichy гель для умывания	2026-06-19 - 2026-07-19	2.0	0.0	0.0	9.0		0.0	0.0		0.0	0.0				2.0	0.0	0.0	9.0		0.0	0.0			
perfumery makers germany	2026-06-19 - 2026-07-19	2.0	0.0	0.0	8.0		0.0	0.0		0.0	0.0				2.0	0.0	0.0	8.0		0.0	0.0			
cerave проверка срока годности	2026-06-19 - 2026-07-19	2.0	0.0	0.0	10.5		0.0	0.0		0.0	0.0				1.0	0.0	0.0	10.0		1.0	0.0	0.0	11.0	
пробить kenzo по серийному номеру	2026-06-19 - 2026-07-19	2.0	0.0	0.0	7.5		0.0	0.0		0.0	0.0				2.0	0.0	0.0	7.5		0.0	0.0			
лореаль проверить батч код	2026-06-19 - 2026-07-19	2.0	0.0	0.0	6.0		0.0	0.0		0.0	0.0				2.0	0.0	0.0	6.0		0.0	0.0			
батч код виши	2026-06-19 - 2026-07-19	2.0	0.0	0.0	10.0		0.0	0.0		0.0	0.0				1.0	0.0	0.0	9.0		1.0	0.0	0.0	11.0	
эсте лаудер батч срок годности сыворотки	2026-06-19 - 2026-07-19	2.0	0.0	0.0	9.5		0.0	0.0		0.0	0.0				1.0	0.0	0.0	7.0		1.0	0.0	0.0	12.0	
где бая код у духов maison kurkdjian	2026-06-19 - 2026-07-19	2.0	0.0	0.0	5.5		0.0	0.0		0.0	0.0				2.0	0.0	0.0	5.5		0.0	0.0			
burberry батч	2026-06-19 - 2026-07-19	2.0	0.0	0.0	8.5		0.0	0.0		0.0	0.0				1.0	0.0	0.0	6.0		1.0	0.0	0.0	11.0	
bottega veneta code	2026-06-19 - 2026-07-19	2.0	0.0	0.0	6.0		0.0	0.0		0.0	0.0				2.0	0.0	0.0	6.0		0.0	0.0			
batch code decoder estée lauder	2026-06-19 - 2026-07-19	2.0	0.0	0.0	2.0		0.0	0.0		2.0	0.0	0.0	2.0		0.0	0.0				0.0	0.0			
эсте лаудер батч код	2026-06-19 - 2026-07-19	2.0	0.0	0.0	6.0		0.0	0.0		0.0	0.0				2.0	0.0	0.0	6.0		0.0	0.0			
mac пробить батч	2026-06-19 - 2026-07-19	2.0	0.0	0.0	5.5		0.0	0.0		0.0	0.0				2.0	0.0	0.0	5.5		0.0	0.0			
гуччи батч код	2026-06-19 - 2026-07-19	2.0	0.0	0.0	9.0		0.0	0.0		0.0	0.0				2.0	0.0	0.0	9.0		0.0	0.0			
батч код куркджае	2026-06-19 - 2026-07-19	2.0	1.0	50.0	6.0	1.0	1.0	1.0	100.0	0.0	0.0				0.0	0.0				1.0	0.0	0.0	11.0	
проверить срок годности помады mac	2026-06-19 - 2026-07-19	2.0	0.0	0.0	6.5		0.0	0.0		0.0	0.0				2.0	0.0	0.0	6.5		0.0	0.0			
как узнать срок годности у лореаль	2026-06-19 - 2026-07-19	2.0	1.0	50.0	6.5	1.0	1.0	1.0	100.0	0.0	0.0				0.0	0.0				1.0	0.0	0.0	12.0	
бач код куркджан	2026-06-19 - 2026-07-19	2.0	1.0	50.0	3.5	1.0	1.0	1.0	100.0	0.0	0.0				1.0	0.0	0.0	6.0		0.0	0.0			
maybelline проверка батч кода	2026-06-19 - 2026-07-19	2.0	0.0	0.0	9.5		0.0	0.0		0.0	0.0				2.0	0.0	0.0	9.5		0.0	0.0			
расшифровка батч кода майсон франсис	2026-06-19 - 2026-07-19	2.0	0.0	0.0	3.0		0.0	0.0		2.0	0.0	0.0	3.0		0.0	0.0				0.0	0.0			
проверить оригинальность шампунь l'oreal	2026-06-19 - 2026-07-19	2.0	0.0	0.0	7.0		0.0	0.0		0.0	0.0				2.0	0.0	0.0	7.0		0.0	0.0			
calvin klein batch	2026-06-19 - 2026-07-19	2.0	0.0	0.0	9.0		0.0	0.0		0.0	0.0				1.0	0.0	0.0	6.0		1.0	0.0	0.0	12.0	
крем крем фирмы bioderma пишут дата срока годности или дата выпуска	2026-06-19 - 2026-07-19	2.0	1.0	50.0	6.0	1.0	1.0	1.0	100.0	0.0	0.0				0.0	0.0				1.0	0.0	0.0	11.0	
батч ланком	2026-06-19 - 2026-07-19	2.0	0.0	0.0	8.0		0.0	0.0		0.0	0.0				2.0	0.0	0.0	8.0		0.0	0.0			
герлен батч код	2026-06-19 - 2026-07-19	2.0	0.0	0.0	9.5		0.0	0.0		0.0	0.0				1.0	0.0	0.0	7.0		1.0	0.0	0.0	12.0	
chloe проверить батч	2026-06-19 - 2026-07-19	2.0	1.0	50.0	4.0	1.0	1.0	1.0	100.0	0.0	0.0				1.0	0.0	0.0	7.0		0.0	0.0			
beauty of joseon batch code	2026-06-19 - 2026-07-19	2.0	1.0	50.0	4.5	4.0	0.0	0.0		0.0	0.0				2.0	1.0	50.0	4.5	4.0	0.0	0.0			
perfumery makers denmark	2026-06-19 - 2026-07-19	2.0	0.0	0.0	6.0		0.0	0.0		0.0	0.0				2.0	0.0	0.0	6.0		0.0	0.0			
проверить батч код кельвин	2026-06-19 - 2026-07-19	2.0	0.0	0.0	5.0		0.0	0.0		1.0	0.0	0.0	3.0		1.0	0.0	0.0	7.0		0.0	0.0			
герлен срок годности	2026-06-19 - 2026-07-19	2.0	0.0	0.0	10.5		0.0	0.0		0.0	0.0				1.0	0.0	0.0	9.0		1.0	0.0	0.0	12.0	
срок годности garnie	2026-06-19 - 2026-07-19	2.0	0.0	0.0	6.5		0.0	0.0		0.0	0.0				2.0	0.0	0.0	6.5		0.0	0.0			
dior официальный сайт косметика	2026-06-19 - 2026-07-19	2.0	0.0	0.0	29.0		0.0	0.0		0.0	0.0				0.0	0.0				2.0	0.0	0.0	29.0	
dior батч код	2026-06-19 - 2026-07-19	2.0	0.0	0.0	15.0		0.0	0.0		0.0	0.0				1.0	0.0	0.0	4.0		1.0	0.0	0.0	26.0	
проверка батч кода онлайн	2026-06-19 - 2026-07-19	2.0	0.0	0.0	4.0		0.0	0.0		1.0	0.0	0.0	3.0		1.0	0.0	0.0	5.0		0.0	0.0			
проверить батч код кельвин кляйн	2026-06-19 - 2026-07-19	2.0	0.0	0.0	3.0		0.0	0.0		2.0	0.0	0.0	3.0		0.0	0.0				0.0	0.0			
батч код джимми чу	2026-06-19 - 2026-07-19	2.0	0.0	0.0	5.0		0.0	0.0		1.0	0.0	0.0	3.0		1.0	0.0	0.0	7.0		0.0	0.0			
too faced пробить батч код	2026-06-19 - 2026-07-19	2.0	0.0	0.0	5.0		0.0	0.0		0.0	0.0				2.0	0.0	0.0	5.0		0.0	0.0			
батч код loreal professionnel	2026-06-19 - 2026-07-19	2.0	2.0	100.0	1.5	1.0	1.0	2.0	200.0	1.0	0.0	0.0	2.0		0.0	0.0				0.0	0.0			
батч код лореаль 54z21l	2026-06-19 - 2026-07-19	2.0	0.0	0.0	5.0		0.0	0.0		0.0	0.0				2.0	0.0	0.0	5.0		0.0	0.0			
проверить бач живпнши	2026-06-19 - 2026-07-19	2.0	0.0	0.0	9.5		0.0	0.0		0.0	0.0				2.0	0.0	0.0	9.5		0.0	0.0			
salvatoreferragamo банч код проверить	2026-06-19 - 2026-07-19	2.0	0.0	0.0	4.5		0.0	0.0		0.0	0.0				2.0	0.0	0.0	4.5		0.0	0.0			
проверить бач код фредрик малле	2026-06-19 - 2026-07-19	2.0	0.0	0.0	3.5		0.0	0.0		1.0	0.0	0.0	3.0		1.0	0.0	0.0	4.0		0.0	0.0			
если на коробках mac (косметика) дата производства	2026-06-19 - 2026-07-19	2.0	0.0	0.0	9.0		0.0	0.0		0.0	0.0				2.0	0.0	0.0	9.0		0.0	0.0			
проверить парфюмерную воду по батч коду боттега венето	2026-06-19 - 2026-07-19	2.0	2.0	100.0	3.5	3.5	1.0	1.0	100.0	0.0	0.0				1.0	1.0	100.0	6.0	6.0	0.0	0.0			
калькулятор косметики по батч коду срок годности	2026-06-19 - 2026-07-19	2.0	0.0	0.0	10.0		0.0	0.0		0.0	0.0				2.0	0.0	0.0	10.0		0.0	0.0			
батч код jean paul gaultier	2026-06-19 - 2026-07-19	2.0	0.0	0.0	10.0		0.0	0.0		0.0	0.0				1.0	0.0	0.0	9.0		1.0	0.0	0.0	11.0	
бат код палетки too faced 6k1 оригинал	2026-06-19 - 2026-07-19	2.0	0.0	0.0	9.0		0.0	0.0		0.0	0.0				1.0	0.0	0.0	6.0		1.0	0.0	0.0	12.0	
на каком сайте проверить оригинальность корейской косметики skin1004	2026-06-19 - 2026-07-19	2.0	1.0	50.0	5.0	4.0	0.0	0.0		0.0	0.0				2.0	1.0	50.0	5.0	4.0	0.0	0.0			
anua где нанесен код партии	2026-06-19 - 2026-07-19	2.0	0.0	0.0	5.0		0.0	0.0		0.0	0.0				2.0	0.0	0.0	5.0		0.0	0.0			
как у косметики nars расшифровывается дата изготовления az6	2026-06-19 - 2026-07-19	2.0	0.0	0.0	7.0		0.0	0.0		0.0	0.0				2.0	0.0	0.0	7.0		0.0	0.0			
проверка батч кода	2026-06-19 - 2026-07-19	2.0	0.0	0.0	6.5		0.0	0.0		0.0	0.0				2.0	0.0	0.0	6.5		0.0	0.0			
63132208 код от jean paul gaultier	2026-06-19 - 2026-07-19	2.0	1.0	50.0	3.0	1.0	1.0	1.0	100.0	0.0	0.0				1.0	0.0	0.0	5.0		0.0	0.0			
frederic malle barcch code	2026-06-19 - 2026-07-19	2.0	0.0	0.0	4.0		0.0	0.0		1.0	0.0	0.0	3.0		1.0	0.0	0.0	5.0		0.0	0.0			
creed срок годности	2026-06-19 - 2026-07-19	2.0	0.0	0.0	6.0		0.0	0.0		1.0	0.0	0.0	3.0		1.0	0.0	0.0	9.0		0.0	0.0			
redken проверить на оригинальность	2026-06-19 - 2026-07-19	2.0	0.0	0.0	7.0		0.0	0.0		0.0	0.0				2.0	0.0	0.0	7.0		0.0	0.0			
срок годности керастаз	2026-06-19 - 2026-07-19	2.0	0.0	0.0	8.0		0.0	0.0		0.0	0.0				2.0	0.0	0.0	8.0		0.0	0.0			
батч код maybelline	2026-06-19 - 2026-07-19	2.0	2.0	100.0	6.0	6.0	1.0	1.0	100.0	0.0	0.0				0.0	0.0				1.0	1.0	100.0	11.0	11.0
estee lauder срок годности	2026-06-19 - 2026-07-19	2.0	0.0	0.0	10.0		0.0	0.0		0.0	0.0				1.0	0.0	0.0	9.0		1.0	0.0	0.0	11.0	
skinfood batch code	2026-06-19 - 2026-07-19	2.0	0.0	0.0	4.0		0.0	0.0		0.0	0.0				2.0	0.0	0.0	4.0		0.0	0.0			
виши срок годности по коду	2026-06-19 - 2026-07-19	2.0	0.0	0.0	6.5		0.0	0.0		0.0	0.0				2.0	0.0	0.0	6.5		0.0	0.0			
батч код gucci	2026-06-19 - 2026-07-19	2.0	0.0	0.0	10.5		0.0	0.0		0.0	0.0				1.0	0.0	0.0	10.0		1.0	0.0	0.0	11.0	
где узнать срок годности геля для лица garnier	2026-06-19 - 2026-07-19	2.0	0.0	0.0	7.0		0.0	0.0		0.0	0.0				2.0	0.0	0.0	7.0		0.0	0.0			
проверить срок годности тональника шанель	2026-06-19 - 2026-07-19	2.0	1.0	50.0	2.5	1.0	1.0	1.0	100.0	0.0	0.0				1.0	0.0	0.0	4.0		0.0	0.0			
проверка по батч коду	2026-06-19 - 2026-07-19	2.0	0.0	0.0	6.5		0.0	0.0		0.0	0.0				2.0	0.0	0.0	6.5		0.0	0.0			
батч код chopard	2026-06-19 - 2026-07-19	2.0	0.0	0.0	6.5		0.0	0.0		0.0	0.0				2.0	0.0	0.0	6.5		0.0	0.0			
проверить батч код ланком	2026-06-19 - 2026-07-19	2.0	0.0	0.0	5.0		0.0	0.0		0.0	0.0				2.0	0.0	0.0	5.0		0.0	0.0			
cerave проверка сроков	2026-06-19 - 2026-07-19	2.0	0.0	0.0	10.0		0.0	0.0		0.0	0.0				2.0	0.0	0.0	10.0		0.0	0.0			
проверка garnier	2026-06-19 - 2026-07-19	2.0	0.0	0.0	5.5		0.0	0.0		0.0	0.0				2.0	0.0	0.0	5.5		0.0	0.0			
косметика мак проверка на оригинал	2026-06-19 - 2026-07-19	2.0	0.0	0.0	8.5		0.0	0.0		0.0	0.0				2.0	0.0	0.0	8.5		0.0	0.0			
как проверить оригинальность спф скин 1004	2026-06-19 - 2026-07-19	2.0	0.0	0.0	11.0		0.0	0.0		0.0	0.0				0.0	0.0				2.0	0.0	0.0	11.0	
batch code kerastasr	2026-06-19 - 2026-07-19	2.0	0.0	0.0	7.5		0.0	0.0		0.0	0.0				2.0	0.0	0.0	7.5		0.0	0.0			
anua проверить подлинность	2026-06-19 - 2026-07-19	2.0	0.0	0.0	5.5		0.0	0.0		0.0	0.0				2.0	0.0	0.0	5.5		0.0	0.0			
как проверить срок годности garnier	2026-06-19 - 2026-07-19	2.0	1.0	50.0	4.5	1.0	1.0	1.0	100.0	0.0	0.0				1.0	0.0	0.0	8.0		0.0	0.0			
батч код dior	2026-06-19 - 2026-07-19	2.0	0.0	0.0	10.0		0.0	0.0		0.0	0.0				2.0	0.0	0.0	10.0		0.0	0.0			
проверить скин 1004	2026-06-19 - 2026-07-19	2.0	0.0	0.0	6.5		0.0	0.0		0.0	0.0				2.0	0.0	0.0	6.5		0.0	0.0			
https://sponsorship.pti-cosmetics.com/	2026-06-19 - 2026-07-19	2.0	0.0	0.0	3.0		0.0	0.0		2.0	0.0	0.0	3.0		0.0	0.0				0.0	0.0			
aesop batch	2026-06-19 - 2026-07-19	2.0	0.0	0.0	7.0		0.0	0.0		0.0	0.0				2.0	0.0	0.0	7.0		0.0	0.0			
маркировка косметики виши	2026-06-19 - 2026-07-19	2.0	0.0	0.0	6.0		0.0	0.0		0.0	0.0				2.0	0.0	0.0	6.0		0.0	0.0			
маски сансилк тайланд где найти дату производства	2026-06-19 - 2026-07-19	2.0	0.0	0.0	9.0		0.0	0.0		0.0	0.0				2.0	0.0	0.0	9.0		0.0	0.0			
clinique как узнать срок годности	2026-06-19 - 2026-07-19	2.0	0.0	0.0	9.5		0.0	0.0		0.0	0.0				1.0	0.0	0.0	7.0		1.0	0.0	0.0	12.0	
batch code checker	2026-06-19 - 2026-07-19	2.0	1.0	50.0	9.0	8.0	0.0	0.0		0.0	0.0				2.0	1.0	50.0	9.0	8.0	0.0	0.0			
батч код марк джейкобс	2026-06-19 - 2026-07-19	2.0	0.0	0.0	6.5		0.0	0.0		0.0	0.0				2.0	0.0	0.0	6.5		0.0	0.0			
гуччи проверить по коду	2026-06-19 - 2026-07-19	2.0	0.0	0.0	16.5		0.0	0.0		0.0	0.0				1.0	0.0	0.0	6.0		1.0	0.0	0.0	27.0	
проверка срока годности косметики loreal	2026-06-19 - 2026-07-19	2.0	1.0	50.0	6.5	1.0	1.0	1.0	100.0	0.0	0.0				0.0	0.0				1.0	0.0	0.0	12.0	
банч код крем ланком	2026-06-19 - 2026-07-19	2.0	0.0	0.0	8.5		0.0	0.0		0.0	0.0				2.0	0.0	0.0	8.5		0.0	0.0			
батч код клиник	2026-06-19 - 2026-07-19	2.0	0.0	0.0	10.0		0.0	0.0		0.0	0.0				2.0	0.0	0.0	10.0		0.0	0.0			
где у loreal professionnel номер партии	2026-06-19 - 2026-07-19	2.0	0.0	0.0	4.0		0.0	0.0		0.0	0.0				2.0	0.0	0.0	4.0		0.0	0.0			
проверить срок годности cerave	2026-06-19 - 2026-07-19	2.0	0.0	0.0	9.5		0.0	0.0		0.0	0.0				2.0	0.0	0.0	9.5		0.0	0.0			
код партии rexona	2026-06-19 - 2026-07-19	2.0	0.0	0.0	3.0		0.0	0.0		2.0	0.0	0.0	3.0		0.0	0.0				0.0	0.0			
vichy код производства	2026-06-19 - 2026-07-19	2.0	0.0	0.0	8.0		0.0	0.0		0.0	0.0				2.0	0.0	0.0	8.0		0.0	0.0			
как проверить bach код на косметике tom ford	2026-06-19 - 2026-07-19	2.0	0.0	0.0	10.5		0.0	0.0		0.0	0.0				1.0	0.0	0.0	10.0		1.0	0.0	0.0	11.0	
lancome батч код проверить	2026-06-19 - 2026-07-19	2.0	0.0	0.0	7.0		0.0	0.0		0.0	0.0				2.0	0.0	0.0	7.0		0.0	0.0			
проверка годности kerastase	2026-06-19 - 2026-07-19	2.0	0.0	0.0	9.0		0.0	0.0		0.0	0.0				2.0	0.0	0.0	9.0		0.0	0.0			
как проверить срок годности румян mac	2026-06-19 - 2026-07-19	2.0	0.0	0.0	3.0		0.0	0.0		2.0	0.0	0.0	3.0		0.0	0.0				0.0	0.0			
пробить срок годности герлен	2026-06-19 - 2026-07-19	2.0	0.0	0.0	5.0		0.0	0.0		0.0	0.0				2.0	0.0	0.0	5.0		0.0	0.0			
проверка серийного номера l'oreal professional париж	2026-06-19 - 2026-07-19	2.0	0.0	0.0	5.5		0.0	0.0		0.0	0.0				2.0	0.0	0.0	5.5		0.0	0.0			
батч код creed	2026-06-19 - 2026-07-19	2.0	0.0	0.0	8.5		0.0	0.0		0.0	0.0				2.0	0.0	0.0	8.5		0.0	0.0			
керастаз проверить на подлинность	2026-06-19 - 2026-07-19	2.0	1.0	50.0	6.0	1.0	1.0	1.0	100.0	0.0	0.0				0.0	0.0				1.0	0.0	0.0	11.0	
батч код paco rabanne	2026-06-19 - 2026-07-19	2.0	0.0	0.0	20.5		0.0	0.0		0.0	0.0				0.0	0.0				2.0	0.0	0.0	20.5	
https://cosmeticsbatch.com/	2026-06-19 - 2026-07-19	2.0	1.0	50.0	1.0	1.0	2.0	1.0	50.0	0.0	0.0				0.0	0.0				0.0	0.0			
kérastase как найти батч код	2026-06-19 - 2026-07-19	2.0	0.0	0.0	5.5		0.0	0.0		0.0	0.0				2.0	0.0	0.0	5.5		0.0	0.0			
батч код редкен	2026-06-19 - 2026-07-19	2.0	0.0	0.0	4.5		0.0	0.0		0.0	0.0				2.0	0.0	0.0	4.5		0.0	0.0			
le labo как проверить оригинал или нет по бач коду	2026-06-19 - 2026-07-19	2.0	0.0	0.0	9.0		0.0	0.0		0.0	0.0				2.0	0.0	0.0	9.0		0.0	0.0			
проверить батч код помады mac	2026-06-19 - 2026-07-19	2.0	0.0	0.0	2.5		0.0	0.0		2.0	0.0	0.0	2.5		0.0	0.0				0.0	0.0			
где найти батч код на крид	2026-06-19 - 2026-07-19	2.0	0.0	0.0	7.5		0.0	0.0		0.0	0.0				2.0	0.0	0.0	7.5		0.0	0.0			
loreal батч код	2026-06-19 - 2026-07-19	2.0	0.0	0.0	9.5		0.0	0.0		0.0	0.0				2.0	0.0	0.0	9.5		0.0	0.0			
где код партии на лореаль pro longer	2026-06-19 - 2026-07-19	2.0	0.0	0.0	8.5		0.0	0.0		0.0	0.0				1.0	0.0	0.0	6.0		1.0	0.0	0.0	11.0	
проверка батч кода босс	2026-06-19 - 2026-07-19	2.0	0.0	0.0	5.0		0.0	0.0		0.0	0.0				2.0	0.0	0.0	5.0		0.0	0.0			
что указывают на дезодорантах рексона срок годности или дату производства	2026-06-19 - 2026-07-19	2.0	0.0	0.0	7.0		0.0	0.0		0.0	0.0				2.0	0.0	0.0	7.0		0.0	0.0			
батч код проверка консиллера от диор	2026-06-19 - 2026-07-19	2.0	1.0	50.0	3.0	3.0	0.0	0.0		2.0	1.0	50.0	3.0	3.0	0.0	0.0				0.0	0.0			
эсте лаудер крем где срок годности	2026-06-19 - 2026-07-19	2.0	0.0	0.0	9.5		0.0	0.0		0.0	0.0				2.0	0.0	0.0	9.5		0.0	0.0			
где посмотреть дату изготовления на роберто кавалли туалетной воде?	2026-06-19 - 2026-07-19	2.0	0.0	0.0	5.5		0.0	0.0		0.0	0.0				2.0	0.0	0.0	5.5		0.0	0.0			
проверка батч кода van cleef van cleef & arpels	2026-06-19 - 2026-07-19	2.0	0.0	0.0	5.5		0.0	0.0		0.0	0.0				2.0	0.0	0.0	5.5		0.0	0.0			
лореаль срок годности расшифровка	2026-06-19 - 2026-07-19	2.0	0.0	0.0	9.5		0.0	0.0		0.0	0.0				2.0	0.0	0.0	9.5		0.0	0.0			
a34 tom ford дата производства переведи	2026-06-19 - 2026-07-19	2.0	0.0	0.0	7.0		0.0	0.0		0.0	0.0				2.0	0.0	0.0	7.0		0.0	0.0			
проверить срок хранения туши эсте лаудер	2026-06-19 - 2026-07-19	2.0	0.0	0.0	9.5		0.0	0.0		0.0	0.0				2.0	0.0	0.0	9.5		0.0	0.0			
проверить по батч коду косметику	2026-06-19 - 2026-07-19	2.0	0.0	0.0	6.0		0.0	0.0		0.0	0.0				2.0	0.0	0.0	6.0		0.0	0.0			
как проверить срок годности у крема килс для глаз	2026-06-19 - 2026-07-19	2.0	1.0	50.0	6.5	1.0	1.0	1.0	100.0	0.0	0.0				0.0	0.0				1.0	0.0	0.0	12.0	
guerlain срок годности	2026-06-19 - 2026-07-19	2.0	0.0	0.0	7.0		0.0	0.0		0.0	0.0				2.0	0.0	0.0	7.0		0.0	0.0			
montblanc legend spirit проверить оригинальность по номеру	2026-06-19 - 2026-07-19	2.0	0.0	0.0	11.5		0.0	0.0		0.0	0.0				1.0	0.0	0.0	10.0		1.0	0.0	0.0	13.0	
coach батч	2026-06-19 - 2026-07-19	2.0	0.0	0.0	5.0		0.0	0.0		0.0	0.0				2.0	0.0	0.0	5.0		0.0	0.0			
как проверить срок годности косметики по батч коду виши	2026-06-19 - 2026-07-19	2.0	1.0	50.0	5.0	1.0	1.0	1.0	100.0	0.0	0.0				1.0	0.0	0.0	9.0		0.0	0.0			
vichy capital soleil проверить срок годности	2026-06-19 - 2026-07-19	2.0	0.0	0.0	8.0		0.0	0.0		0.0	0.0				2.0	0.0	0.0	8.0		0.0	0.0			
батч кодредкен	2026-06-19 - 2026-07-19	2.0	0.0	0.0	6.5		0.0	0.0		0.0	0.0				2.0	0.0	0.0	6.5		0.0	0.0			
проверить срок годности mac	2026-06-19 - 2026-07-19	2.0	0.0	0.0	8.5		0.0	0.0		0.0	0.0				2.0	0.0	0.0	8.5		0.0	0.0			
4j1 код партии fenty skin	2026-06-19 - 2026-07-19	2.0	0.0	0.0	6.0		0.0	0.0		0.0	0.0				2.0	0.0	0.0	6.0		0.0	0.0			
бачкод диор	2026-06-19 - 2026-07-19	2.0	1.0	50.0	2.0	2.0	0.0	0.0		2.0	1.0	50.0	2.0	2.0	0.0	0.0				0.0	0.0			
декодер виши	2026-06-19 - 2026-07-19	2.0	0.0	0.0	4.5		0.0	0.0		0.0	0.0				2.0	0.0	0.0	4.5		0.0	0.0			
батч код проверка кензо	2026-06-19 - 2026-07-19	2.0	1.0	50.0	6.5	2.0	0.0	0.0		1.0	1.0	100.0	2.0	2.0	0.0	0.0				1.0	0.0	0.0	11.0	
бач код нина ртсст	2026-06-19 - 2026-07-19	2.0	0.0	0.0	7.0		0.0	0.0		0.0	0.0				2.0	0.0	0.0	7.0		0.0	0.0			
skin1004 проверить штрих код	2026-06-19 - 2026-07-19	2.0	1.0	50.0	5.0	1.0	1.0	1.0	100.0	0.0	0.0				1.0	0.0	0.0	9.0		0.0	0.0			
pantene проверка на подлинность	2026-06-19 - 2026-07-19	2.0	0.0	0.0	4.5		0.0	0.0		1.0	0.0	0.0	3.0		1.0	0.0	0.0	6.0		0.0	0.0			
проверка крема по батч коду	2026-06-19 - 2026-07-19	2.0	1.0	50.0	1.5	2.0	1.0	0.0	0.0	1.0	1.0	100.0	2.0	2.0	0.0	0.0				0.0	0.0			
проверить боттега венето по батч коду кнот узел парфюм	2026-06-19 - 2026-07-19	1.0	0.0	0.0	7.0		0.0	0.0		0.0	0.0				1.0	0.0	0.0	7.0		0.0	0.0			
"loreal batch code checker""."	2026-06-19 - 2026-07-19	1.0	0.0	0.0	8.0		0.0	0.0		0.0	0.0				1.0	0.0	0.0	8.0		0.0	0.0			
check batch code mugler	2026-06-19 - 2026-07-19	1.0	0.0	0.0	6.0		0.0	0.0		0.0	0.0				1.0	0.0	0.0	6.0		0.0	0.0			
проверить срок годности mac косметики	2026-06-19 - 2026-07-19	1.0	0.0	0.0	3.0		0.0	0.0		1.0	0.0	0.0	3.0		0.0	0.0				0.0	0.0			
aveda срок годности	2026-06-19 - 2026-07-19	1.0	0.0	0.0	6.0		0.0	0.0		0.0	0.0				1.0	0.0	0.0	6.0		0.0	0.0			
батч код estee lauder aa5	2026-06-19 - 2026-07-19	1.0	0.0	0.0	11.0		0.0	0.0		0.0	0.0				0.0	0.0				1.0	0.0	0.0	11.0	
azzaro банч код проверить	2026-06-19 - 2026-07-19	1.0	0.0	0.0	6.0		0.0	0.0		0.0	0.0				1.0	0.0	0.0	6.0		0.0	0.0			
ланком батч код проверить	2026-06-19 - 2026-07-19	1.0	0.0	0.0	6.0		0.0	0.0		0.0	0.0				1.0	0.0	0.0	6.0		0.0	0.0			
18207 батч код maidon francis kurkdjian	2026-06-19 - 2026-07-19	1.0	0.0	0.0	11.0		0.0	0.0		0.0	0.0				0.0	0.0				1.0	0.0	0.0	11.0	
как определить подлинность косметики виши	2026-06-19 - 2026-07-19	1.0	0.0	0.0	38.0		0.0	0.0		0.0	0.0				0.0	0.0				1.0	0.0	0.0	38.0	
проверка батч кода calvin klein	2026-06-19 - 2026-07-19	1.0	0.0	0.0	8.0		0.0	0.0		0.0	0.0				1.0	0.0	0.0	8.0		0.0	0.0			
проверка батч код lancome	2026-06-19 - 2026-07-19	1.0	0.0	0.0	7.0		0.0	0.0		0.0	0.0				1.0	0.0	0.0	7.0		0.0	0.0			
дата выпуска духи chopard по батч коду	2026-06-19 - 2026-07-19	1.0	0.0	0.0	5.0		0.0	0.0		0.0	0.0				1.0	0.0	0.0	5.0		0.0	0.0			
где на коробке лореаль срок годности	2026-06-19 - 2026-07-19	1.0	0.0	0.0	5.0		0.0	0.0		0.0	0.0				1.0	0.0	0.0	5.0		0.0	0.0			
brands owned by toullgostore forever florals hawaii, twi curtiss purehalo zooson consumer products manufacturing	2026-06-19 - 2026-07-19	1.0	0.0	0.0	8.0		0.0	0.0		0.0	0.0				1.0	0.0	0.0	8.0		0.0	0.0			
батч код bobbi brown	2026-06-19 - 2026-07-19	1.0	0.0	0.0	4.0		0.0	0.0		0.0	0.0				1.0	0.0	0.0	4.0		0.0	0.0			
бачкод расшифровка redken	2026-06-19 - 2026-07-19	1.0	0.0	0.0	11.0		0.0	0.0		0.0	0.0				0.0	0.0				1.0	0.0	0.0	11.0	
perfumery makers switzerland	2026-06-19 - 2026-07-19	1.0	0.0	0.0	10.0		0.0	0.0		0.0	0.0				1.0	0.0	0.0	10.0		0.0	0.0			
по батч коду лореаль	2026-06-19 - 2026-07-19	1.0	0.0	0.0	8.0		0.0	0.0		0.0	0.0				1.0	0.0	0.0	8.0		0.0	0.0			
проверить духи по батч коду на оригинальность kenzo	2026-06-19 - 2026-07-19	1.0	0.0	0.0	9.0		0.0	0.0		0.0	0.0				1.0	0.0	0.0	9.0		0.0	0.0			
le labo проверка батч кода	2026-06-19 - 2026-07-19	1.0	0.0	0.0	6.0		0.0	0.0		0.0	0.0				1.0	0.0	0.0	6.0		0.0	0.0			
проверить помаду mac по батч коду	2026-06-19 - 2026-07-19	1.0	0.0	0.0	5.0		0.0	0.0		0.0	0.0				1.0	0.0	0.0	5.0		0.0	0.0			
батя код виши	2026-06-19 - 2026-07-19	1.0	0.0	0.0	10.0		0.0	0.0		0.0	0.0				1.0	0.0	0.0	10.0		0.0	0.0			
посмотреть срок годности тоналки по номеру	2026-06-19 - 2026-07-19	1.0	0.0	0.0	7.0		0.0	0.0		0.0	0.0				1.0	0.0	0.0	7.0		0.0	0.0			
должен ли быть у оригинала скин 1004 штрихкод на коробке	2026-06-19 - 2026-07-19	1.0	0.0	0.0	11.0		0.0	0.0		0.0	0.0				0.0	0.0				1.0	0.0	0.0	11.0	
батч код том форд	2026-06-19 - 2026-07-19	1.0	0.0	0.0	10.0		0.0	0.0		0.0	0.0				1.0	0.0	0.0	10.0		0.0	0.0			
артикул кензо проверить онлайн	2026-06-19 - 2026-07-19	1.0	0.0	0.0	6.0		0.0	0.0		0.0	0.0				1.0	0.0	0.0	6.0		0.0	0.0			
дата изготовления тон крема эсте лаудер	2026-06-19 - 2026-07-19	1.0	0.0	0.0	7.0		0.0	0.0		0.0	0.0				1.0	0.0	0.0	7.0		0.0	0.0			
как проверить vichy на подлинность где код партии	2026-06-19 - 2026-07-19	1.0	0.0	0.0	5.0		0.0	0.0		0.0	0.0				1.0	0.0	0.0	5.0		0.0	0.0			
как определить срок годности в редкен	2026-06-19 - 2026-07-19	1.0	0.0	0.0	7.0		0.0	0.0		0.0	0.0				1.0	0.0	0.0	7.0		0.0	0.0			
1 million collector edition (2017) rabanne fragrance makeupalley or youtube review opinion layering	2026-06-19 - 2026-07-19	1.0	0.0	0.0	13.0		0.0	0.0		0.0	0.0				0.0	0.0				1.0	0.0	0.0	13.0	
калькулятор батч-кодов color wow	2026-06-19 - 2026-07-19	1.0	1.0	100.0	2.0	2.0	0.0	0.0		1.0	1.0	100.0	2.0	2.0	0.0	0.0				0.0	0.0			
fenty beauty проверить на оригинальность	2026-06-19 - 2026-07-19	1.0	0.0	0.0	9.0		0.0	0.0		0.0	0.0				1.0	0.0	0.0	9.0		0.0	0.0			
brands owned by sukikeke consumer products manufacturing	2026-06-19 - 2026-07-19	1.0	0.0	0.0	4.0		0.0	0.0		0.0	0.0				1.0	0.0	0.0	4.0		0.0	0.0			
батч код каролина херрера	2026-06-19 - 2026-07-19	1.0	0.0	0.0	5.0		0.0	0.0		0.0	0.0				1.0	0.0	0.0	5.0		0.0	0.0			
распознать код партии косметики loreal	2026-06-19 - 2026-07-19	1.0	0.0	0.0	7.0		0.0	0.0		0.0	0.0				1.0	0.0	0.0	7.0		0.0	0.0			
проверка батч кода крид	2026-06-19 - 2026-07-19	1.0	1.0	100.0	1.0	1.0	1.0	1.0	100.0	0.0	0.0				0.0	0.0				0.0	0.0			
как проверить maison francis kurkdjian на оригинал батч код	2026-06-19 - 2026-07-19	1.0	0.0	0.0	9.0		0.0	0.0		0.0	0.0				1.0	0.0	0.0	9.0		0.0	0.0			
проверить mac по батч коду	2026-06-19 - 2026-07-19	1.0	0.0	0.0	8.0		0.0	0.0		0.0	0.0				1.0	0.0	0.0	8.0		0.0	0.0			
кензо код	2026-06-19 - 2026-07-19	1.0	0.0	0.0	9.0		0.0	0.0		0.0	0.0				1.0	0.0	0.0	9.0		0.0	0.0			
гучи батя код	2026-06-19 - 2026-07-19	1.0	0.0	0.0	11.0		0.0	0.0		0.0	0.0				0.0	0.0				1.0	0.0	0.0	11.0	
скин 1004 проверка на оригинал	2026-06-19 - 2026-07-19	1.0	1.0	100.0	5.0	5.0	0.0	0.0		0.0	0.0				1.0	1.0	100.0	5.0	5.0	0.0	0.0			
как проверить jean paul gaultier на оригинальность	2026-06-19 - 2026-07-19	1.0	0.0	0.0	11.0		0.0	0.0		0.0	0.0				0.0	0.0				1.0	0.0	0.0	11.0	
helena rubinstein батч код	2026-06-19 - 2026-07-19	1.0	0.0	0.0	10.0		0.0	0.0		0.0	0.0				1.0	0.0	0.0	10.0		0.0	0.0			
estee lauder проверить батч код	2026-06-19 - 2026-07-19	1.0	0.0	0.0	6.0		0.0	0.0		0.0	0.0				1.0	0.0	0.0	6.0		0.0	0.0			
проверка по батч коду крем	2026-06-19 - 2026-07-19	1.0	0.0	0.0	2.0		0.0	0.0		1.0	0.0	0.0	2.0		0.0	0.0				0.0	0.0			
cosmetics manufacturer bouna	2026-06-19 - 2026-07-19	1.0	0.0	0.0	8.0		0.0	0.0		0.0	0.0				1.0	0.0	0.0	8.0		0.0	0.0			
гарньер срок годности где посмотреть у дневного увлажняющего крема	2026-06-19 - 2026-07-19	1.0	0.0	0.0	13.0		0.0	0.0		0.0	0.0				0.0	0.0				1.0	0.0	0.0	13.0	
как проверить оригинальность anua	2026-06-19 - 2026-07-19	1.0	1.0	100.0	1.0	1.0	1.0	1.0	100.0	0.0	0.0				0.0	0.0				0.0	0.0			
creed проверить по батч коду	2026-06-19 - 2026-07-19	1.0	0.0	0.0	7.0		0.0	0.0		0.0	0.0				1.0	0.0	0.0	7.0		0.0	0.0			
reliable cosmetics manufacturer soho	2026-06-19 - 2026-07-19	1.0	0.0	0.0	4.0		0.0	0.0		0.0	0.0				1.0	0.0	0.0	4.0		0.0	0.0			
батч код хуго	2026-06-19 - 2026-07-19	1.0	0.0	0.0	5.0		0.0	0.0		0.0	0.0				1.0	0.0	0.0	5.0		0.0	0.0			
где смотреть срок годности на краске для волос лореаль париж	2026-06-19 - 2026-07-19	1.0	0.0	0.0	11.0		0.0	0.0		0.0	0.0				0.0	0.0				1.0	0.0	0.0	11.0	
бач код kenzo v943903 7 значный	2026-06-19 - 2026-07-19	1.0	0.0	0.0	11.0		0.0	0.0		0.0	0.0				0.0	0.0				1.0	0.0	0.0	11.0	
код mexx	2026-06-19 - 2026-07-19	1.0	0.0	0.0	4.0		0.0	0.0		0.0	0.0				1.0	0.0	0.0	4.0		0.0	0.0			
dior addict проверка батч кода	2026-06-19 - 2026-07-19	1.0	1.0	100.0	1.0	1.0	1.0	1.0	100.0	0.0	0.0				0.0	0.0				0.0	0.0			
как узнать подлинность духов эсте лаудер	2026-06-19 - 2026-07-19	1.0	0.0	0.0	10.0		0.0	0.0		0.0	0.0				1.0	0.0	0.0	10.0		0.0	0.0			
гучи партии по коду в бить	2026-06-19 - 2026-07-19	1.0	0.0	0.0	5.0		0.0	0.0		0.0	0.0				1.0	0.0	0.0	5.0		0.0	0.0			
батч код shiseido	2026-06-19 - 2026-07-19	1.0	0.0	0.0	5.0		0.0	0.0		0.0	0.0				1.0	0.0	0.0	5.0		0.0	0.0			
виши бач код	2026-06-19 - 2026-07-19	1.0	0.0	0.0	4.0		0.0	0.0		0.0	0.0				1.0	0.0	0.0	4.0		0.0	0.0			
проверить сроки годности гарньер	2026-06-19 - 2026-07-19	1.0	0.0	0.0	10.0		0.0	0.0		0.0	0.0				1.0	0.0	0.0	10.0		0.0	0.0			
vichy батч код	2026-06-19 - 2026-07-19	1.0	0.0	0.0	10.0		0.0	0.0		0.0	0.0				1.0	0.0	0.0	10.0		0.0	0.0			
батч код крид	2026-06-19 - 2026-07-19	1.0	0.0	0.0	9.0		0.0	0.0		0.0	0.0				1.0	0.0	0.0	9.0		0.0	0.0			
батч код estee lauder	2026-06-19 - 2026-07-19	1.0	0.0	0.0	10.0		0.0	0.0		0.0	0.0				1.0	0.0	0.0	10.0		0.0	0.0			
batch code как выглядит vichy	2026-06-19 - 2026-07-19	1.0	0.0	0.0	7.0		0.0	0.0		0.0	0.0				1.0	0.0	0.0	7.0		0.0	0.0			
где посмотреть батч код на основе под макияж от бобби браун	2026-06-19 - 2026-07-19	1.0	0.0	0.0	4.0		0.0	0.0		0.0	0.0				1.0	0.0	0.0	4.0		0.0	0.0			
skinceuticals проверить батч код	2026-06-19 - 2026-07-19	1.0	0.0	0.0	6.0		0.0	0.0		0.0	0.0				1.0	0.0	0.0	6.0		0.0	0.0			
biotherm batch code decoder	2026-06-19 - 2026-07-19	1.0	0.0	0.0	3.0		0.0	0.0		1.0	0.0	0.0	3.0		0.0	0.0				0.0	0.0			
innocent mugler fragrance makeupalley or youtube review opinion layering	2026-06-19 - 2026-07-19	1.0	0.0	0.0	9.0		0.0	0.0		0.0	0.0				1.0	0.0	0.0	9.0		0.0	0.0			
cerave chek	2026-06-19 - 2026-07-19	1.0	0.0	0.0	9.0		0.0	0.0		0.0	0.0				1.0	0.0	0.0	9.0		0.0	0.0			
посмотреть срок годности крема ланком	2026-06-19 - 2026-07-19	1.0	0.0	0.0	4.0		0.0	0.0		0.0	0.0				1.0	0.0	0.0	4.0		0.0	0.0			
проверить срок годности косметики по батч коду виши	2026-06-19 - 2026-07-19	1.0	0.0	0.0	8.0		0.0	0.0		0.0	0.0				1.0	0.0	0.0	8.0		0.0	0.0			
парфюмерный калькулятор подлинности по батч	2026-06-19 - 2026-07-19	1.0	0.0	0.0	11.0		0.0	0.0		0.0	0.0				0.0	0.0				1.0	0.0	0.0	11.0	
почему не читается штрих код fenty beauty	2026-06-19 - 2026-07-19	1.0	0.0	0.0	4.0		0.0	0.0		0.0	0.0				1.0	0.0	0.0	4.0		0.0	0.0			
сроки годности maybelline	2026-06-19 - 2026-07-19	1.0	0.0	0.0	8.0		0.0	0.0		0.0	0.0				1.0	0.0	0.0	8.0		0.0	0.0			
обозначение на креме 28y1z garnier	2026-06-19 - 2026-07-19	1.0	0.0	0.0	7.0		0.0	0.0		0.0	0.0				1.0	0.0	0.0	7.0		0.0	0.0			
güneş kremi iki yılda bozulur mu	2026-06-19 - 2026-07-19	1.0	0.0	0.0	11.0		0.0	0.0		0.0	0.0				0.0	0.0				1.0	0.0	0.0	11.0	
nyx код партии проверка	2026-06-19 - 2026-07-19	1.0	0.0	0.0	4.0		0.0	0.0		0.0	0.0				1.0	0.0	0.0	4.0		0.0	0.0			
батч код хлое	2026-06-19 - 2026-07-19	1.0	0.0	0.0	10.0		0.0	0.0		0.0	0.0				1.0	0.0	0.0	10.0		0.0	0.0			
как проверить косметику mac	2026-06-19 - 2026-07-19	1.0	0.0	0.0	11.0		0.0	0.0		0.0	0.0				0.0	0.0				1.0	0.0	0.0	11.0	
проверить батч код эсте лаудер	2026-06-19 - 2026-07-19	1.0	0.0	0.0	7.0		0.0	0.0		0.0	0.0				1.0	0.0	0.0	7.0		0.0	0.0			
kerastase проверить по батч коду	2026-06-19 - 2026-07-19	1.0	0.0	0.0	8.0		0.0	0.0		0.0	0.0				1.0	0.0	0.0	8.0		0.0	0.0			
живанши пудра 1001 батч код	2026-06-19 - 2026-07-19	1.0	0.0	0.0	11.0		0.0	0.0		0.0	0.0				0.0	0.0				1.0	0.0	0.0	11.0	
kiehls проверить срок	2026-06-19 - 2026-07-19	1.0	0.0	0.0	8.0		0.0	0.0		0.0	0.0				1.0	0.0	0.0	8.0		0.0	0.0			
табч код кензо	2026-06-19 - 2026-07-19	1.0	0.0	0.0	9.0		0.0	0.0		0.0	0.0				1.0	0.0	0.0	9.0		0.0	0.0			
ст лаудер проверка на подлинность	2026-06-19 - 2026-07-19	1.0	0.0	0.0	6.0		0.0	0.0		0.0	0.0				1.0	0.0	0.0	6.0		0.0	0.0			
батч код крема проверить онлайн	2026-06-19 - 2026-07-19	1.0	0.0	0.0	29.0		0.0	0.0		0.0	0.0				0.0	0.0				1.0	0.0	0.0	29.0	
биодерма крем от загара срок годности где посмотреть дату изготовления	2026-06-19 - 2026-07-19	1.0	0.0	0.0	10.0		0.0	0.0		0.0	0.0				1.0	0.0	0.0	10.0		0.0	0.0			
лореаль проверить батч	2026-06-19 - 2026-07-19	1.0	0.0	0.0	10.0		0.0	0.0		0.0	0.0				1.0	0.0	0.0	10.0		0.0	0.0			
батч код мэйсон маржела	2026-06-19 - 2026-07-19	1.0	0.0	0.0	6.0		0.0	0.0		0.0	0.0				1.0	0.0	0.0	6.0		0.0	0.0			
проверить оригинальность по батч коду loreal	2026-06-19 - 2026-07-19	1.0	0.0	0.0	9.0		0.0	0.0		0.0	0.0				1.0	0.0	0.0	9.0		0.0	0.0			
mugler проверить батч код	2026-06-19 - 2026-07-19	1.0	0.0	0.0	6.0		0.0	0.0		0.0	0.0				1.0	0.0	0.0	6.0		0.0	0.0			
как найти од на шампуне лореаль для проверки оригинальности	2026-06-19 - 2026-07-19	1.0	0.0	0.0	10.0		0.0	0.0		0.0	0.0				1.0	0.0	0.0	10.0		0.0	0.0			
tom ford тональный крем проверка батч кода	2026-06-19 - 2026-07-19	1.0	0.0	0.0	6.0		0.0	0.0		0.0	0.0				1.0	0.0	0.0	6.0		0.0	0.0			
kenzo jungle homme проверить по батч	2026-06-19 - 2026-07-19	1.0	0.0	0.0	7.0		0.0	0.0		0.0	0.0				1.0	0.0	0.0	7.0		0.0	0.0			
проверка axis y	2026-06-19 - 2026-07-19	1.0	0.0	0.0	11.0		0.0	0.0		0.0	0.0				0.0	0.0				1.0	0.0	0.0	11.0	
creed aventus батч код	2026-06-19 - 2026-07-19	1.0	0.0	0.0	9.0		0.0	0.0		0.0	0.0				1.0	0.0	0.0	9.0		0.0	0.0			
срок годности косметики онлайн garnier	2026-06-19 - 2026-07-19	1.0	0.0	0.0	6.0		0.0	0.0		0.0	0.0				1.0	0.0	0.0	6.0		0.0	0.0			
проверить срок годности виши	2026-06-19 - 2026-07-19	1.0	0.0	0.0	9.0		0.0	0.0		0.0	0.0				1.0	0.0	0.0	9.0		0.0	0.0			
как узнать срок годности гарниер а17	2026-06-19 - 2026-07-19	1.0	0.0	0.0	6.0		0.0	0.0		0.0	0.0				1.0	0.0	0.0	6.0		0.0	0.0			
лореаль проверить подлинность	2026-06-19 - 2026-07-19	1.0	0.0	0.0	6.0		0.0	0.0		0.0	0.0				1.0	0.0	0.0	6.0		0.0	0.0			
проверить оригинальность шампуня l'oreal	2026-06-19 - 2026-07-19	1.0	0.0	0.0	9.0		0.0	0.0		0.0	0.0				1.0	0.0	0.0	9.0		0.0	0.0			
где указан срок годности маски керастаз	2026-06-19 - 2026-07-19	1.0	0.0	0.0	9.0		0.0	0.0		0.0	0.0				1.0	0.0	0.0	9.0		0.0	0.0			
как выглядит серийный код роберто кавалли	2026-06-19 - 2026-07-19	1.0	0.0	0.0	7.0		0.0	0.0		0.0	0.0				1.0	0.0	0.0	7.0		0.0	0.0			
можно ли как-то по флакону определить срок годности сыворотки эсте лаудер	2026-06-19 - 2026-07-19	1.0	0.0	0.0	7.0		0.0	0.0		0.0	0.0				1.0	0.0	0.0	7.0		0.0	0.0			
косметический калькулятор том форд	2026-06-19 - 2026-07-19	1.0	0.0	0.0	13.0		0.0	0.0		0.0	0.0				0.0	0.0				1.0	0.0	0.0	13.0	
проверить зуго босс по батч коду	2026-06-19 - 2026-07-19	1.0	0.0	0.0	10.0		0.0	0.0		0.0	0.0				1.0	0.0	0.0	10.0		0.0	0.0			
проверить батч код на чек фреш	2026-06-19 - 2026-07-19	1.0	0.0	0.0	8.0		0.0	0.0		0.0	0.0				1.0	0.0	0.0	8.0		0.0	0.0			
brands owned by denoir cosmetics consumer products manufacturing	2026-06-19 - 2026-07-19	1.0	0.0	0.0	11.0		0.0	0.0		0.0	0.0				0.0	0.0				1.0	0.0	0.0	11.0	
hugo boss батч код	2026-06-19 - 2026-07-19	1.0	0.0	0.0	8.0		0.0	0.0		0.0	0.0				1.0	0.0	0.0	8.0		0.0	0.0			
a*men the taste of fragrance mugler fragrance makeupalley or youtube review opinion layering	2026-06-19 - 2026-07-19	1.0	0.0	0.0	11.0		0.0	0.0		0.0	0.0				0.0	0.0				1.0	0.0	0.0	11.0	
brands owned by in your face skincare consumer products manufacturing	2026-06-19 - 2026-07-19	1.0	0.0	0.0	1.0		1.0	0.0	0.0	0.0	0.0				0.0	0.0				0.0	0.0			
как проверить подлинность estee lauder	2026-06-19 - 2026-07-19	1.0	0.0	0.0	11.0		0.0	0.0		0.0	0.0				0.0	0.0				1.0	0.0	0.0	11.0	
parfümlerde batch kodu nerede	2026-06-19 - 2026-07-19	1.0	0.0	0.0	11.0		0.0	0.0		0.0	0.0				0.0	0.0				1.0	0.0	0.0	11.0	
есть ли естере батч код	2026-06-19 - 2026-07-19	1.0	0.0	0.0	12.0		0.0	0.0		0.0	0.0				0.0	0.0				1.0	0.0	0.0	12.0	
как узнать гарнье срок годности	2026-06-19 - 2026-07-19	1.0	0.0	0.0	5.0		0.0	0.0		0.0	0.0				1.0	0.0	0.0	5.0		0.0	0.0			
проверка calvin klein по коду на оригинальность	2026-06-19 - 2026-07-19	1.0	0.0	0.0	6.0		0.0	0.0		0.0	0.0				1.0	0.0	0.0	6.0		0.0	0.0			
открой мне штрих код лореаль париж как проверить свой душ	2026-06-19 - 2026-07-19	1.0	0.0	0.0	3.0		0.0	0.0		1.0	0.0	0.0	3.0		0.0	0.0				0.0	0.0			
батя код герлен	2026-06-19 - 2026-07-19	1.0	0.0	0.0	12.0		0.0	0.0		0.0	0.0				0.0	0.0				1.0	0.0	0.0	12.0	
срок годности по батч коду гуччи	2026-06-19 - 2026-07-19	1.0	0.0	0.0	8.0		0.0	0.0		0.0	0.0				1.0	0.0	0.0	8.0		0.0	0.0			
batch no 20230419	2026-06-19 - 2026-07-19	1.0	0.0	0.0	8.0		0.0	0.0		0.0	0.0				1.0	0.0	0.0	8.0		0.0	0.0			
batch-code.com/brands/loreal	2026-06-19 - 2026-07-19	1.0	1.0	100.0	2.0	2.0	0.0	0.0		1.0	1.0	100.0	2.0	2.0	0.0	0.0				0.0	0.0			
проверить партию косметики	2026-06-19 - 2026-07-19	1.0	0.0	0.0	4.0		0.0	0.0		0.0	0.0				1.0	0.0	0.0	4.0		0.0	0.0			
emergency cosmetics manufacturer khair	2026-06-19 - 2026-07-19	1.0	0.0	0.0	8.0		0.0	0.0		0.0	0.0				1.0	0.0	0.0	8.0		0.0	0.0			
bloolesi parfyum	2026-06-19 - 2026-07-19	1.0	0.0	0.0	5.0		0.0	0.0		0.0	0.0				1.0	0.0	0.0	5.0		0.0	0.0			
проверить на подлинность скин 1004 по кюару	2026-06-19 - 2026-07-19	1.0	0.0	0.0	7.0		0.0	0.0		0.0	0.0				1.0	0.0	0.0	7.0		0.0	0.0			
проверить дату выпуска продукцию vichy по номеру	2026-06-19 - 2026-07-19	1.0	0.0	0.0	9.0		0.0	0.0		0.0	0.0				1.0	0.0	0.0	9.0		0.0	0.0			
проверить дату производства creed aventus	2026-06-19 - 2026-07-19	1.0	0.0	0.0	9.0		0.0	0.0		0.0	0.0				1.0	0.0	0.0	9.0		0.0	0.0			
где находится кол партии шампунь виши	2026-06-19 - 2026-07-19	1.0	0.0	0.0	5.0		0.0	0.0		0.0	0.0				1.0	0.0	0.0	5.0		0.0	0.0			
moncler проверка	2026-06-19 - 2026-07-19	1.0	0.0	0.0	11.0		0.0	0.0		0.0	0.0				0.0	0.0				1.0	0.0	0.0	11.0	
код вдл	2026-06-19 - 2026-07-19	1.0	0.0	0.0	4.0		0.0	0.0		0.0	0.0				1.0	0.0	0.0	4.0		0.0	0.0			
yddd	2026-06-19 - 2026-07-19	1.0	0.0	0.0	2.0		0.0	0.0		1.0	0.0	0.0	2.0		0.0	0.0				0.0	0.0			
как проверить косметику lancome	2026-06-19 - 2026-07-19	1.0	0.0	0.0	5.0		0.0	0.0		0.0	0.0				1.0	0.0	0.0	5.0		0.0	0.0			
где находиться батч код у жан поль гатье ле бё	2026-06-19 - 2026-07-19	1.0	0.0	0.0	9.0		0.0	0.0		0.0	0.0				1.0	0.0	0.0	9.0		0.0	0.0			
brands owned by ach consumer products manufacturing	2026-06-19 - 2026-07-19	1.0	0.0	0.0	5.0		0.0	0.0		0.0	0.0				1.0	0.0	0.0	5.0		0.0	0.0			
kerastase сколько срок годности в дубае считается на эти средства	2026-06-19 - 2026-07-19	1.0	1.0	100.0	3.0	3.0	0.0	0.0		1.0	1.0	100.0	3.0	3.0	0.0	0.0				0.0	0.0			
как проверить код партии лореао	2026-06-19 - 2026-07-19	1.0	0.0	0.0	8.0		0.0	0.0		0.0	0.0				1.0	0.0	0.0	8.0		0.0	0.0			
проверить дату виши	2026-06-19 - 2026-07-19	1.0	0.0	0.0	7.0		0.0	0.0		0.0	0.0				1.0	0.0	0.0	7.0		0.0	0.0			
хьюго босс код бач	2026-06-19 - 2026-07-19	1.0	0.0	0.0	8.0		0.0	0.0		0.0	0.0				1.0	0.0	0.0	8.0		0.0	0.0			
creed aventus check batch code	2026-06-19 - 2026-07-19	1.0	0.0	0.0	7.0		0.0	0.0		0.0	0.0				1.0	0.0	0.0	7.0		0.0	0.0			
проверить батч код anua	2026-06-19 - 2026-07-19	1.0	0.0	0.0	3.0		0.0	0.0		1.0	0.0	0.0	3.0		0.0	0.0				0.0	0.0			
creed проверка батч кода	2026-06-19 - 2026-07-19	1.0	0.0	0.0	6.0		0.0	0.0		0.0	0.0				1.0	0.0	0.0	6.0		0.0	0.0			
том форд батч	2026-06-19 - 2026-07-19	1.0	0.0	0.0	9.0		0.0	0.0		0.0	0.0				1.0	0.0	0.0	9.0		0.0	0.0			
axis y проверка кода	2026-06-19 - 2026-07-19	1.0	0.0	0.0	8.0		0.0	0.0		0.0	0.0				1.0	0.0	0.0	8.0		0.0	0.0			
духи герлен по коду партии срок годности	2026-06-19 - 2026-07-19	1.0	1.0	100.0	6.0	6.0	0.0	0.0		0.0	0.0				1.0	1.0	100.0	6.0	6.0	0.0	0.0			
срок годности духов armani где посмотреть	2026-06-19 - 2026-07-19	1.0	1.0	100.0	1.0	1.0	1.0	1.0	100.0	0.0	0.0				0.0	0.0				0.0	0.0			
проверить батч код nina ricci	2026-06-19 - 2026-07-19	1.0	0.0	0.0	5.0		0.0	0.0		0.0	0.0				1.0	0.0	0.0	5.0		0.0	0.0			
как проверить оригинальность духов kenzo	2026-06-19 - 2026-07-19	1.0	0.0	0.0	11.0		0.0	0.0		0.0	0.0				0.0	0.0				1.0	0.0	0.0	11.0	
jean paul gaultier узнать по номеру	2026-06-19 - 2026-07-19	1.0	1.0	100.0	2.0	2.0	0.0	0.0		1.0	1.0	100.0	2.0	2.0	0.0	0.0				0.0	0.0			
проверить косметику bobby brown онлайн	2026-06-19 - 2026-07-19	1.0	0.0	0.0	7.0		0.0	0.0		0.0	0.0				1.0	0.0	0.0	7.0		0.0	0.0			
расшифровать сроки годности виши	2026-06-19 - 2026-07-19	1.0	0.0	0.0	4.0		0.0	0.0		0.0	0.0				1.0	0.0	0.0	4.0		0.0	0.0			
тени эсте лаудер 02 батч код	2026-06-19 - 2026-07-19	1.0	0.0	0.0	3.0		0.0	0.0		1.0	0.0	0.0	3.0		0.0	0.0				0.0	0.0			
посмотреть по батч коду марк якобс	2026-06-19 - 2026-07-19	1.0	0.0	0.0	9.0		0.0	0.0		0.0	0.0				1.0	0.0	0.0	9.0		0.0	0.0			
проверить батч код румяна mac	2026-06-19 - 2026-07-19	1.0	0.0	0.0	10.0		0.0	0.0		0.0	0.0				1.0	0.0	0.0	10.0		0.0	0.0			
frederic malle батч	2026-06-19 - 2026-07-19	1.0	0.0	0.0	7.0		0.0	0.0		0.0	0.0				1.0	0.0	0.0	7.0		0.0	0.0			
батч код монблан	2026-06-19 - 2026-07-19	1.0	0.0	0.0	7.0		0.0	0.0		0.0	0.0				1.0	0.0	0.0	7.0		0.0	0.0			
gunes kreminin tarihi olirmu	2026-06-19 - 2026-07-19	1.0	0.0	0.0	7.0		0.0	0.0		0.0	0.0				1.0	0.0	0.0	7.0		0.0	0.0			
скинь 1004 проверка на оригинал	2026-06-19 - 2026-07-19	1.0	0.0	0.0	11.0		0.0	0.0		0.0	0.0				0.0	0.0				1.0	0.0	0.0	11.0	
kenzo проверить парфюм банч код	2026-06-19 - 2026-07-19	1.0	0.0	0.0	8.0		0.0	0.0		0.0	0.0				1.0	0.0	0.0	8.0		0.0	0.0			
батч код lacoste alr27r127	2026-06-19 - 2026-07-19	1.0	0.0	0.0	10.0		0.0	0.0		0.0	0.0				1.0	0.0	0.0	10.0		0.0	0.0			
проверка батч кода mugler	2026-06-19 - 2026-07-19	1.0	0.0	0.0	6.0		0.0	0.0		0.0	0.0				1.0	0.0	0.0	6.0		0.0	0.0			
где находится батч код на духах maison francis youtube джан	2026-06-19 - 2026-07-19	1.0	0.0	0.0	11.0		0.0	0.0		0.0	0.0				0.0	0.0				1.0	0.0	0.0	11.0	
проверить срок годности ланком	2026-06-19 - 2026-07-19	1.0	0.0	0.0	5.0		0.0	0.0		0.0	0.0				1.0	0.0	0.0	5.0		0.0	0.0			
проверка эсте лаудер батч	2026-06-19 - 2026-07-19	1.0	0.0	0.0	9.0		0.0	0.0		0.0	0.0				1.0	0.0	0.0	9.0		0.0	0.0			
батч код том форд где находится на флаконе	2026-06-19 - 2026-07-19	1.0	0.0	0.0	13.0		0.0	0.0		0.0	0.0				0.0	0.0				1.0	0.0	0.0	13.0	
44y300 виши код партии	2026-06-19 - 2026-07-19	1.0	0.0	0.0	11.0		0.0	0.0		0.0	0.0				0.0	0.0				1.0	0.0	0.0	11.0	
подтверждение батч кода кензо	2026-06-19 - 2026-07-19	1.0	0.0	0.0	8.0		0.0	0.0		0.0	0.0				1.0	0.0	0.0	8.0		0.0	0.0			
givenchy батч код	2026-06-19 - 2026-07-19	1.0	0.0	0.0	9.0		0.0	0.0		0.0	0.0				1.0	0.0	0.0	9.0		0.0	0.0			
батч код проверка mac	2026-06-19 - 2026-07-19	1.0	1.0	100.0	2.0	2.0	0.0	0.0		1.0	1.0	100.0	2.0	2.0	0.0	0.0				0.0	0.0			
проверка штрих кода эсте лаудер	2026-06-19 - 2026-07-19	1.0	0.0	0.0	10.0		0.0	0.0		0.0	0.0				1.0	0.0	0.0	10.0		0.0	0.0			
сыворотка скин 1004 срок годности после вскрытия	2026-06-19 - 2026-07-19	1.0	0.0	0.0	8.0		0.0	0.0		0.0	0.0				1.0	0.0	0.0	8.0		0.0	0.0			
vichy проверка срок годности	2026-06-19 - 2026-07-19	1.0	0.0	0.0	5.0		0.0	0.0		0.0	0.0				1.0	0.0	0.0	5.0		0.0	0.0			
поиск вещей guess по батч коду	2026-06-19 - 2026-07-19	1.0	0.0	0.0	7.0		0.0	0.0		0.0	0.0				1.0	0.0	0.0	7.0		0.0	0.0			
бач код нина ричи	2026-06-19 - 2026-07-19	1.0	0.0	0.0	6.0		0.0	0.0		0.0	0.0				1.0	0.0	0.0	6.0		0.0	0.0			
проверить срок годности estee lauder	2026-06-19 - 2026-07-19	1.0	0.0	0.0	13.0		0.0	0.0		0.0	0.0				0.0	0.0				1.0	0.0	0.0	13.0	
hidi eng uzoq turadigan duhi qanday boʻladi	2026-06-19 - 2026-07-19	1.0	0.0	0.0	3.0		0.0	0.0		1.0	0.0	0.0	3.0		0.0	0.0				0.0	0.0			
как определить оригинальность loreal professional	2026-06-19 - 2026-07-19	1.0	0.0	0.0	10.0		0.0	0.0		0.0	0.0				1.0	0.0	0.0	10.0		0.0	0.0			
виши узнать срок годности	2026-06-19 - 2026-07-19	1.0	0.0	0.0	8.0		0.0	0.0		0.0	0.0				1.0	0.0	0.0	8.0		0.0	0.0			
как узнать срок годности cc este lauder если выкинул упаковку	2026-06-19 - 2026-07-19	1.0	0.0	0.0	12.0		0.0	0.0		0.0	0.0				0.0	0.0				1.0	0.0	0.0	12.0	
гарньер номер свидетельства	2026-06-19 - 2026-07-19	1.0	0.0	0.0	10.0		0.0	0.0		0.0	0.0				1.0	0.0	0.0	10.0		0.0	0.0			
срок годности виши	2026-06-19 - 2026-07-19	1.0	0.0	0.0	13.0		0.0	0.0		0.0	0.0				0.0	0.0				1.0	0.0	0.0	13.0	
батч код на make up for ever палетка	2026-06-19 - 2026-07-19	1.0	0.0	0.0	5.0		0.0	0.0		0.0	0.0				1.0	0.0	0.0	5.0		0.0	0.0			
проверка батч кода эсте лаудер	2026-06-19 - 2026-07-19	1.0	0.0	0.0	4.0		0.0	0.0		0.0	0.0				1.0	0.0	0.0	4.0		0.0	0.0			
creed aventus сайт проверки батч кода	2026-06-19 - 2026-07-19	1.0	0.0	0.0	4.0		0.0	0.0		0.0	0.0				1.0	0.0	0.0	4.0		0.0	0.0			
febty beauty butch code	2026-06-19 - 2026-07-19	1.0	0.0	0.0	6.0		0.0	0.0		0.0	0.0				1.0	0.0	0.0	6.0		0.0	0.0			
лореаль проверить код	2026-06-19 - 2026-07-19	1.0	1.0	100.0	7.0	7.0	0.0	0.0		0.0	0.0				1.0	1.0	100.0	7.0	7.0	0.0	0.0			
garnier ambre silar проверить срок годности	2026-06-19 - 2026-07-19	1.0	0.0	0.0	7.0		0.0	0.0		0.0	0.0				1.0	0.0	0.0	7.0		0.0	0.0			
как проверить батч код парфюма creed	2026-06-19 - 2026-07-19	1.0	0.0	0.0	11.0		0.0	0.0		0.0	0.0				0.0	0.0				1.0	0.0	0.0	11.0	
батч код лореаль	2026-06-19 - 2026-07-19	1.0	0.0	0.0	10.0		0.0	0.0		0.0	0.0				1.0	0.0	0.0	10.0		0.0	0.0			
на пудре лореаль дата изготовления или дата годности	2026-06-19 - 2026-07-19	1.0	0.0	0.0	5.0		0.0	0.0		0.0	0.0				1.0	0.0	0.0	5.0		0.0	0.0			
бач код куркджан 1023408	2026-06-19 - 2026-07-19	1.0	0.0	0.0	5.0		0.0	0.0		0.0	0.0				1.0	0.0	0.0	5.0		0.0	0.0			
где написан срок годности на продуктах garnier	2026-06-19 - 2026-07-19	1.0	0.0	0.0	10.0		0.0	0.0		0.0	0.0				1.0	0.0	0.0	10.0		0.0	0.0			
как правильно выглядит батч код на том форд	2026-06-19 - 2026-07-19	1.0	0.0	0.0	4.0		0.0	0.0		0.0	0.0				1.0	0.0	0.0	4.0		0.0	0.0			
проверить боттега венето по батч коду кнот узел	2026-06-19 - 2026-07-19	1.0	0.0	0.0	6.0		0.0	0.0		0.0	0.0				1.0	0.0	0.0	6.0		0.0	0.0			
проверить биотерм на оригинальность	2026-06-19 - 2026-07-19	1.0	0.0	0.0	9.0		0.0	0.0		0.0	0.0				1.0	0.0	0.0	9.0		0.0	0.0			
pure for her mexx fragrance makeupalley or youtube review opinion layering	2026-06-19 - 2026-07-19	1.0	0.0	0.0	11.0		0.0	0.0		0.0	0.0				0.0	0.0				1.0	0.0	0.0	11.0	
батч код urban decay	2026-06-19 - 2026-07-19	1.0	0.0	0.0	5.0		0.0	0.0		0.0	0.0				1.0	0.0	0.0	5.0		0.0	0.0			
батч код пробить на роберто кавалли	2026-06-19 - 2026-07-19	1.0	0.0	0.0	6.0		0.0	0.0		0.0	0.0				1.0	0.0	0.0	6.0		0.0	0.0			
проверить батч код майсон	2026-06-19 - 2026-07-19	1.0	0.0	0.0	7.0		0.0	0.0		0.0	0.0				1.0	0.0	0.0	7.0		0.0	0.0			
батч код сыворотка диор	2026-06-19 - 2026-07-19	1.0	0.0	0.0	4.0		0.0	0.0		0.0	0.0				1.0	0.0	0.0	4.0		0.0	0.0			
срок годности chopard	2026-06-19 - 2026-07-19	1.0	0.0	0.0	13.0		0.0	0.0		0.0	0.0				0.0	0.0				1.0	0.0	0.0	13.0	
проверить батч код косметики на срок годности эсте лаудер	2026-06-19 - 2026-07-19	1.0	0.0	0.0	5.0		0.0	0.0		0.0	0.0				1.0	0.0	0.0	5.0		0.0	0.0			
cerave срок годности	2026-06-19 - 2026-07-19	1.0	0.0	0.0	12.0		0.0	0.0		0.0	0.0				0.0	0.0				1.0	0.0	0.0	12.0	
creed batch code k12	2026-06-19 - 2026-07-19	1.0	0.0	0.0	5.0		0.0	0.0		0.0	0.0				1.0	0.0	0.0	5.0		0.0	0.0			
роберто кавалли проверить подлинность	2026-06-19 - 2026-07-19	1.0	0.0	0.0	12.0		0.0	0.0		0.0	0.0				0.0	0.0				1.0	0.0	0.0	12.0	
что значит код коробки vdl	2026-06-19 - 2026-07-19	1.0	0.0	0.0	2.0		0.0	0.0		1.0	0.0	0.0	2.0		0.0	0.0				0.0	0.0			
как выглядит бач код у готье	2026-06-19 - 2026-07-19	1.0	0.0	0.0	5.0		0.0	0.0		0.0	0.0				1.0	0.0	0.0	5.0		0.0	0.0			
лореаль тональный крем где можно посмотреть где срок годности	2026-06-19 - 2026-07-19	1.0	1.0	100.0	1.0	1.0	1.0	1.0	100.0	0.0	0.0				0.0	0.0				0.0	0.0			
как проверить оригинальность духов kenzo по батч коду	2026-06-19 - 2026-07-19	1.0	1.0	100.0	3.0	3.0	0.0	0.0		1.0	1.0	100.0	3.0	3.0	0.0	0.0				0.0	0.0			
срок годности после вскрытия clinique	2026-06-19 - 2026-07-19	1.0	0.0	0.0	11.0		0.0	0.0		0.0	0.0				0.0	0.0				1.0	0.0	0.0	11.0	
атар батч код	2026-06-19 - 2026-07-19	1.0	0.0	0.0	8.0		0.0	0.0		0.0	0.0				1.0	0.0	0.0	8.0		0.0	0.0			
проверка батч код диор	2026-06-19 - 2026-07-19	1.0	0.0	0.0	3.0		0.0	0.0		1.0	0.0	0.0	3.0		0.0	0.0				0.0	0.0			
проверить оригинальность vichy	2026-06-19 - 2026-07-19	1.0	0.0	0.0	17.0		0.0	0.0		0.0	0.0				0.0	0.0				1.0	0.0	0.0	17.0	
батс код парфюм эсте лаудер	2026-06-19 - 2026-07-19	1.0	0.0	0.0	2.0		0.0	0.0		1.0	0.0	0.0	2.0		0.0	0.0				0.0	0.0			
чек фреш бобби браун	2026-06-19 - 2026-07-19	1.0	0.0	0.0	10.0		0.0	0.0		0.0	0.0				1.0	0.0	0.0	10.0		0.0	0.0			
dior batch code	2026-06-19 - 2026-07-19	1.0	0.0	0.0	2.0		0.0	0.0		1.0	0.0	0.0	2.0		0.0	0.0				0.0	0.0			
батч код майсон франсис	2026-06-19 - 2026-07-19	1.0	0.0	0.0	6.0		0.0	0.0		0.0	0.0				1.0	0.0	0.0	6.0		0.0	0.0			
батч код tom ford	2026-06-19 - 2026-07-19	1.0	0.0	0.0	15.0		0.0	0.0		0.0	0.0				0.0	0.0				1.0	0.0	0.0	15.0	
проверить подлинность товара kiehls	2026-06-19 - 2026-07-19	1.0	0.0	0.0	10.0		0.0	0.0		0.0	0.0				1.0	0.0	0.0	10.0		0.0	0.0			
проверка батч кода creed тестер	2026-06-19 - 2026-07-19	1.0	0.0	0.0	6.0		0.0	0.0		0.0	0.0				1.0	0.0	0.0	6.0		0.0	0.0			
дата производства на косметике l'oreal	2026-06-19 - 2026-07-19	1.0	0.0	0.0	7.0		0.0	0.0		0.0	0.0				1.0	0.0	0.0	7.0		0.0	0.0			
chloe батч-код 5287	2026-06-19 - 2026-07-19	1.0	0.0	0.0	10.0		0.0	0.0		0.0	0.0				1.0	0.0	0.0	10.0		0.0	0.0			
where is batch code on dior lipstick	2026-06-19 - 2026-07-19	1.0	0.0	0.0	8.0		0.0	0.0		0.0	0.0				1.0	0.0	0.0	8.0		0.0	0.0			
тени бобби браун какой батч код	2026-06-19 - 2026-07-19	1.0	0.0	0.0	3.0		0.0	0.0		1.0	0.0	0.0	3.0		0.0	0.0				0.0	0.0			
батч код jo malone проверить	2026-06-19 - 2026-07-19	1.0	0.0	0.0	8.0		0.0	0.0		0.0	0.0				1.0	0.0	0.0	8.0		0.0	0.0			
срок годности на лореаль	2026-06-19 - 2026-07-19	1.0	0.0	0.0	10.0		0.0	0.0		0.0	0.0				1.0	0.0	0.0	10.0		0.0	0.0			
brands owned by truly genuine beauty consumer products manufacturing	2026-06-19 - 2026-07-19	1.0	0.0	0.0	3.0		0.0	0.0		1.0	0.0	0.0	3.0		0.0	0.0				0.0	0.0			
skinceuticals батч/код	2026-06-19 - 2026-07-19	1.0	0.0	0.0	7.0		0.0	0.0		0.0	0.0				1.0	0.0	0.0	7.0		0.0	0.0			
brands owned by kayan consumer products manufacturing	2026-06-19 - 2026-07-19	1.0	0.0	0.0	4.0		0.0	0.0		0.0	0.0				1.0	0.0	0.0	4.0		0.0	0.0			
проверить abercrombie fitch	2026-06-19 - 2026-07-19	1.0	0.0	0.0	7.0		0.0	0.0		0.0	0.0				1.0	0.0	0.0	7.0		0.0	0.0			
бэч код guerlain	2026-06-19 - 2026-07-19	1.0	0.0	0.0	7.0		0.0	0.0		0.0	0.0				1.0	0.0	0.0	7.0		0.0	0.0			
проверить аесоп на оригинальность	2026-06-19 - 2026-07-19	1.0	0.0	0.0	7.0		0.0	0.0		0.0	0.0				1.0	0.0	0.0	7.0		0.0	0.0			
проверит по батч коду парфюм куркджяна	2026-06-19 - 2026-07-19	1.0	0.0	0.0	10.0		0.0	0.0		0.0	0.0				1.0	0.0	0.0	10.0		0.0	0.0			
как выглядит батч код марк джейкопс	2026-06-19 - 2026-07-19	1.0	0.0	0.0	7.0		0.0	0.0		0.0	0.0				1.0	0.0	0.0	7.0		0.0	0.0			
anua проверить подлинность по коду	2026-06-19 - 2026-07-19	1.0	1.0	100.0	4.0	4.0	0.0	0.0		0.0	0.0				1.0	1.0	100.0	4.0	4.0	0.0	0.0			
проверить духи армани по батч коду	2026-06-19 - 2026-07-19	1.0	0.0	0.0	5.0		0.0	0.0		0.0	0.0				1.0	0.0	0.0	5.0		0.0	0.0			
как посмотреть серийный номер на kenzo	2026-06-19 - 2026-07-19	1.0	0.0	0.0	8.0		0.0	0.0		0.0	0.0				1.0	0.0	0.0	8.0		0.0	0.0			
как узнать подделку от оригинала талка от бренда нарс	2026-06-19 - 2026-07-19	1.0	0.0	0.0	8.0		0.0	0.0		0.0	0.0				1.0	0.0	0.0	8.0		0.0	0.0			
chloe батч	2026-06-19 - 2026-07-19	1.0	0.0	0.0	10.0		0.0	0.0		0.0	0.0				1.0	0.0	0.0	10.0		0.0	0.0			
крем kiehls срок годности	2026-06-19 - 2026-07-19	1.0	0.0	0.0	10.0		0.0	0.0		0.0	0.0				1.0	0.0	0.0	10.0		0.0	0.0			
proya revenue 2024 annual results billion yuan color cosmetics timage	2026-06-19 - 2026-07-19	1.0	0.0	0.0	6.0		0.0	0.0		0.0	0.0				1.0	0.0	0.0	6.0		0.0	0.0			
пробить код vichy	2026-06-19 - 2026-07-19	1.0	0.0	0.0	9.0		0.0	0.0		0.0	0.0				1.0	0.0	0.0	9.0		0.0	0.0			
батч код проверка benefit	2026-06-19 - 2026-07-19	1.0	0.0	0.0	4.0		0.0	0.0		0.0	0.0				1.0	0.0	0.0	4.0		0.0	0.0			
как расшифровать дату выпуска на продукцию loreal	2026-06-19 - 2026-07-19	1.0	0.0	0.0	8.0		0.0	0.0		0.0	0.0				1.0	0.0	0.0	8.0		0.0	0.0			
viktor rolf батч код	2026-06-19 - 2026-07-19	1.0	0.0	0.0	6.0		0.0	0.0		0.0	0.0				1.0	0.0	0.0	6.0		0.0	0.0			
guerlain как проверить срок годности	2026-06-19 - 2026-07-19	1.0	1.0	100.0	9.0	9.0	0.0	0.0		0.0	0.0				1.0	1.0	100.0	9.0	9.0	0.0	0.0			
ланком срок годности	2026-06-19 - 2026-07-19	1.0	0.0	0.0	8.0		0.0	0.0		0.0	0.0				1.0	0.0	0.0	8.0		0.0	0.0			
check batch code cosmetics	2026-06-19 - 2026-07-19	1.0	0.0	0.0	5.0		0.0	0.0		0.0	0.0				1.0	0.0	0.0	5.0		0.0	0.0			
код гарнье срок годности 28t901	2026-06-19 - 2026-07-19	1.0	0.0	0.0	9.0		0.0	0.0		0.0	0.0				1.0	0.0	0.0	9.0		0.0	0.0			
батч код редуен	2026-06-19 - 2026-07-19	1.0	0.0	0.0	7.0		0.0	0.0		0.0	0.0				1.0	0.0	0.0	7.0		0.0	0.0			
как проверить fenty beauty блеск для губ по штрих коду	2026-06-19 - 2026-07-19	1.0	0.0	0.0	5.0		0.0	0.0		0.0	0.0				1.0	0.0	0.0	5.0		0.0	0.0			
как проверять настоящие ли духи jean paul gaultier le beau	2026-06-19 - 2026-07-19	1.0	1.0	100.0	1.0	1.0	1.0	1.0	100.0	0.0	0.0				0.0	0.0				0.0	0.0			
проверка подлинности skin1004	2026-06-19 - 2026-07-19	1.0	1.0	100.0	6.0	6.0	0.0	0.0		0.0	0.0				1.0	1.0	100.0	6.0	6.0	0.0	0.0			
color wow проверить	2026-06-19 - 2026-07-19	1.0	0.0	0.0	4.0		0.0	0.0		0.0	0.0				1.0	0.0	0.0	4.0		0.0	0.0			
срок годности мейбелин нью йорк	2026-06-19 - 2026-07-19	1.0	0.0	0.0	11.0		0.0	0.0		0.0	0.0				0.0	0.0				1.0	0.0	0.0	11.0	
как понять что косметику нарс не открывали и не испоьзовали	2026-06-19 - 2026-07-19	1.0	0.0	0.0	6.0		0.0	0.0		0.0	0.0				1.0	0.0	0.0	6.0		0.0	0.0			
как проверить монблан legend spirit на подлинность	2026-06-19 - 2026-07-19	1.0	1.0	100.0	1.0	1.0	1.0	1.0	100.0	0.0	0.0				0.0	0.0				0.0	0.0			
эсте лаудер проверить батч	2026-06-19 - 2026-07-19	1.0	0.0	0.0	8.0		0.0	0.0		0.0	0.0				1.0	0.0	0.0	8.0		0.0	0.0			
батч кашарель	2026-06-19 - 2026-07-19	1.0	0.0	0.0	8.0		0.0	0.0		0.0	0.0				1.0	0.0	0.0	8.0		0.0	0.0			
kerastase проверить	2026-06-19 - 2026-07-19	1.0	0.0	0.0	4.0		0.0	0.0		0.0	0.0				1.0	0.0	0.0	4.0		0.0	0.0			
kerastase срок годности	2026-06-19 - 2026-07-19	1.0	0.0	0.0	9.0		0.0	0.0		0.0	0.0				1.0	0.0	0.0	9.0		0.0	0.0			
где на оригинальном креме виши находится батч код	2026-06-19 - 2026-07-19	1.0	1.0	100.0	1.0	1.0	1.0	1.0	100.0	0.0	0.0				0.0	0.0				0.0	0.0			
проверка оригинальности скин 1004	2026-06-19 - 2026-07-19	1.0	0.0	0.0	9.0		0.0	0.0		0.0	0.0				1.0	0.0	0.0	9.0		0.0	0.0			
батя код проверить парфюм онлайн	2026-06-19 - 2026-07-19	1.0	0.0	0.0	28.0		0.0	0.0		0.0	0.0				0.0	0.0				1.0	0.0	0.0	28.0	
батч код монт бланк	2026-06-19 - 2026-07-19	1.0	0.0	0.0	5.0		0.0	0.0		0.0	0.0				1.0	0.0	0.0	5.0		0.0	0.0			
a*men pure leather mugler fragrance makeupalley or youtube review opinion layering	2026-06-19 - 2026-07-19	1.0	0.0	0.0	13.0		0.0	0.0		0.0	0.0				0.0	0.0				1.0	0.0	0.0	13.0	
проверка парфюмерии эсте лаудер батч коду на оригинальность	2026-06-19 - 2026-07-19	1.0	0.0	0.0	3.0		0.0	0.0		1.0	0.0	0.0	3.0		0.0	0.0				0.0	0.0			
где на флаконе расположен батч код creed aventus тестер	2026-06-19 - 2026-07-19	1.0	0.0	0.0	11.0		0.0	0.0		0.0	0.0				0.0	0.0				1.0	0.0	0.0	11.0	
где найти срок годности на guerlain	2026-06-19 - 2026-07-19	1.0	0.0	0.0	9.0		0.0	0.0		0.0	0.0				1.0	0.0	0.0	9.0		0.0	0.0			
gucci cosmetics beautyagent	2026-06-19 - 2026-07-19	1.0	0.0	0.0	11.0		0.0	0.0		0.0	0.0				0.0	0.0				1.0	0.0	0.0	11.0	
проверка батч кода джо малог	2026-06-19 - 2026-07-19	1.0	0.0	0.0	9.0		0.0	0.0		0.0	0.0				1.0	0.0	0.0	9.0		0.0	0.0			
pattern year letter + month letter	2026-06-19 - 2026-07-19	1.0	0.0	0.0	2.0		0.0	0.0		1.0	0.0	0.0	2.0		0.0	0.0				0.0	0.0			
патч код dior	2026-06-19 - 2026-07-19	1.0	0.0	0.0	11.0		0.0	0.0		0.0	0.0				0.0	0.0				1.0	0.0	0.0	11.0	
код партии на косметике lancome	2026-06-19 - 2026-07-19	1.0	0.0	0.0	8.0		0.0	0.0		0.0	0.0				1.0	0.0	0.0	8.0		0.0	0.0			
где к тонального крема мейбелин посмотреть срок годности	2026-06-19 - 2026-07-19	1.0	0.0	0.0	11.0		0.0	0.0		0.0	0.0				0.0	0.0				1.0	0.0	0.0	11.0	
emergency cosmetics manufacturer saint-priest	2026-06-19 - 2026-07-19	1.0	0.0	0.0	3.0		0.0	0.0		1.0	0.0	0.0	3.0		0.0	0.0				0.0	0.0			
hugo boss батч	2026-06-19 - 2026-07-19	1.0	0.0	0.0	5.0		0.0	0.0		0.0	0.0				1.0	0.0	0.0	5.0		0.0	0.0			
как проверить по батч коду парфюм на оригинальность парфюмерная вода viktor & rolf bonbon	2026-06-19 - 2026-07-19	1.0	0.0	0.0	10.0		0.0	0.0		0.0	0.0				1.0	0.0	0.0	10.0		0.0	0.0			
jean paul g batch code	2026-06-19 - 2026-07-19	1.0	0.0	0.0	7.0		0.0	0.0		0.0	0.0				1.0	0.0	0.0	7.0		0.0	0.0			
батч код тушь lancome	2026-06-19 - 2026-07-19	1.0	1.0	100.0	1.0	1.0	1.0	1.0	100.0	0.0	0.0				0.0	0.0				0.0	0.0			
поверка артикла кельвин кляйн	2026-06-19 - 2026-07-19	1.0	0.0	0.0	10.0		0.0	0.0		0.0	0.0				1.0	0.0	0.0	10.0		0.0	0.0			
узнать срок годности garnier	2026-06-19 - 2026-07-19	1.0	0.0	0.0	6.0		0.0	0.0		0.0	0.0				1.0	0.0	0.0	6.0		0.0	0.0			
проверка батч кода hugo boss	2026-06-19 - 2026-07-19	1.0	0.0	0.0	10.0		0.0	0.0		0.0	0.0				1.0	0.0	0.0	10.0		0.0	0.0			
калькулятор lancome срок годности	2026-06-19 - 2026-07-19	1.0	0.0	0.0	9.0		0.0	0.0		0.0	0.0				1.0	0.0	0.0	9.0		0.0	0.0			
виши проверить подлинность	2026-06-19 - 2026-07-19	1.0	0.0	0.0	18.0		0.0	0.0		0.0	0.0				0.0	0.0				1.0	0.0	0.0	18.0	
у garnier body tonic срок проверить срок годности	2026-06-19 - 2026-07-19	1.0	0.0	0.0	5.0		0.0	0.0		0.0	0.0				1.0	0.0	0.0	5.0		0.0	0.0			
духи куркджан проверить на оригинальность духи онлайн проверка кода	2026-06-19 - 2026-07-19	1.0	0.0	0.0	5.0		0.0	0.0		0.0	0.0				1.0	0.0	0.0	5.0		0.0	0.0			
бач код виши	2026-06-19 - 2026-07-19	1.0	0.0	0.0	10.0		0.0	0.0		0.0	0.0				1.0	0.0	0.0	10.0		0.0	0.0			
lancome определить дату выпуска	2026-06-19 - 2026-07-19	1.0	0.0	0.0	8.0		0.0	0.0		0.0	0.0				1.0	0.0	0.0	8.0		0.0	0.0			
банч код у creed	2026-06-19 - 2026-07-19	1.0	0.0	0.0	5.0		0.0	0.0		0.0	0.0				1.0	0.0	0.0	5.0		0.0	0.0			
проверить аззаро по батч коду	2026-06-19 - 2026-07-19	1.0	0.0	0.0	7.0		0.0	0.0		0.0	0.0				1.0	0.0	0.0	7.0		0.0	0.0			
скин 1004 спф голубой как проверить оригинальность	2026-06-19 - 2026-07-19	1.0	0.0	0.0	10.0		0.0	0.0		0.0	0.0				1.0	0.0	0.0	10.0		0.0	0.0			
проверка на срок годности maybelline	2026-06-19 - 2026-07-19	1.0	0.0	0.0	8.0		0.0	0.0		0.0	0.0				1.0	0.0	0.0	8.0		0.0	0.0			
срок годности продукции виши	2026-06-19 - 2026-07-19	1.0	0.0	0.0	9.0		0.0	0.0		0.0	0.0				1.0	0.0	0.0	9.0		0.0	0.0			
батч-код проверить онлайн на тональном maybelline	2026-06-19 - 2026-07-19	1.0	0.0	0.0	9.0		0.0	0.0		0.0	0.0				1.0	0.0	0.0	9.0		0.0	0.0			
бейдж код лореаль крем тональный matte cover какмузнать срок годности	2026-06-19 - 2026-07-19	1.0	2.0	200.0	1.0	1.0	1.0	2.0	200.0	0.0	0.0				0.0	0.0				0.0	0.0			
оригинальность продукта мейбелин по штрих коду	2026-06-19 - 2026-07-19	1.0	0.0	0.0	10.0		0.0	0.0		0.0	0.0				1.0	0.0	0.0	10.0		0.0	0.0			
код карла лагерфельда	2026-06-19 - 2026-07-19	1.0	0.0	0.0	7.0		0.0	0.0		0.0	0.0				1.0	0.0	0.0	7.0		0.0	0.0			
можно ли как-то по флакону определить срок годности сыворотки эсте лаудер а93	2026-06-19 - 2026-07-19	1.0	0.0	0.0	9.0		0.0	0.0		0.0	0.0				1.0	0.0	0.0	9.0		0.0	0.0			
редкен срок годности проверить	2026-06-19 - 2026-07-19	1.0	0.0	0.0	5.0		0.0	0.0		0.0	0.0				1.0	0.0	0.0	5.0		0.0	0.0			
проверить срок годности керастаз	2026-06-19 - 2026-07-19	1.0	0.0	0.0	4.0		0.0	0.0		0.0	0.0				1.0	0.0	0.0	4.0		0.0	0.0			
guerlain проверить подлинность	2026-06-19 - 2026-07-19	1.0	1.0	100.0	1.0	1.0	1.0	1.0	100.0	0.0	0.0				0.0	0.0				0.0	0.0			
проверка штрих кода онлайн skin1004	2026-06-19 - 2026-07-19	1.0	0.0	0.0	8.0		0.0	0.0		0.0	0.0				1.0	0.0	0.0	8.0		0.0	0.0			
проверить пудру redken срок годности по штрих коду	2026-06-19 - 2026-07-19	1.0	0.0	0.0	7.0		0.0	0.0		0.0	0.0				1.0	0.0	0.0	7.0		0.0	0.0			
где находится батч код на парфюме из зары	2026-06-19 - 2026-07-19	1.0	0.0	0.0	8.0		0.0	0.0		0.0	0.0				1.0	0.0	0.0	8.0		0.0	0.0			
check cosmetic	2026-06-19 - 2026-07-19	1.0	0.0	0.0	6.0		0.0	0.0		0.0	0.0				1.0	0.0	0.0	6.0		0.0	0.0			
как проверить парфюмерную воду guerlain?	2026-06-19 - 2026-07-19	1.0	1.0	100.0	1.0	1.0	1.0	1.0	100.0	0.0	0.0				0.0	0.0				0.0	0.0			
проверка подлинности духов по батч коду tom ford	2026-06-19 - 2026-07-19	1.0	1.0	100.0	11.0	11.0	0.0	0.0		0.0	0.0				0.0	0.0				1.0	1.0	100.0	11.0	11.0
make up forever срок годности	2026-06-19 - 2026-07-19	1.0	0.0	0.0	10.0		0.0	0.0		0.0	0.0				1.0	0.0	0.0	10.0		0.0	0.0			
бачт код диор.	2026-06-19 - 2026-07-19	1.0	0.0	0.0	8.0		0.0	0.0		0.0	0.0				1.0	0.0	0.0	8.0		0.0	0.0			
gunes kremi kac yil dayanir	2026-06-19 - 2026-07-19	1.0	0.0	0.0	4.0		0.0	0.0		0.0	0.0				1.0	0.0	0.0	4.0		0.0	0.0			
nina ricci проверить батч код	2026-06-19 - 2026-07-19	1.0	0.0	0.0	7.0		0.0	0.0		0.0	0.0				1.0	0.0	0.0	7.0		0.0	0.0			
гарньер проверить срок годности	2026-06-19 - 2026-07-19	1.0	0.0	0.0	6.0		0.0	0.0		0.0	0.0				1.0	0.0	0.0	6.0		0.0	0.0			
montblanc найти продукт по серийному номеру	2026-06-19 - 2026-07-19	1.0	0.0	0.0	11.0		0.0	0.0		0.0	0.0				0.0	0.0				1.0	0.0	0.0	11.0	
batch code lancome	2026-06-19 - 2026-07-19	1.0	0.0	0.0	5.0		0.0	0.0		0.0	0.0				1.0	0.0	0.0	5.0		0.0	0.0			
как узнать подлинность крема лореаль париж код на банке	2026-06-19 - 2026-07-19	1.0	0.0	0.0	10.0		0.0	0.0		0.0	0.0				1.0	0.0	0.0	10.0		0.0	0.0			
батч код диор	2026-06-19 - 2026-07-19	1.0	0.0	0.0	9.0		0.0	0.0		0.0	0.0				1.0	0.0	0.0	9.0		0.0	0.0			
батч эсте лаудер	2026-06-19 - 2026-07-19	1.0	0.0	0.0	5.0		0.0	0.0		0.0	0.0				1.0	0.0	0.0	5.0		0.0	0.0			
perfumery makers netherlands	2026-06-19 - 2026-07-19	1.0	0.0	0.0	8.0		0.0	0.0		0.0	0.0				1.0	0.0	0.0	8.0		0.0	0.0			
проверить батч код maybelline	2026-06-19 - 2026-07-19	1.0	0.0	0.0	6.0		0.0	0.0		0.0	0.0				1.0	0.0	0.0	6.0		0.0	0.0			
диор блеск проверить срок годности	2026-06-19 - 2026-07-19	1.0	0.0	0.0	10.0		0.0	0.0		0.0	0.0				1.0	0.0	0.0	10.0		0.0	0.0			
проверка батч кода керастаз	2026-06-19 - 2026-07-19	1.0	0.0	0.0	6.0		0.0	0.0		0.0	0.0				1.0	0.0	0.0	6.0		0.0	0.0			
батч код никс	2026-06-19 - 2026-07-19	1.0	0.0	0.0	9.0		0.0	0.0		0.0	0.0				1.0	0.0	0.0	9.0		0.0	0.0			
батч код на виши капитал солей	2026-06-19 - 2026-07-19	1.0	0.0	0.0	10.0		0.0	0.0		0.0	0.0				1.0	0.0	0.0	10.0		0.0	0.0			
дата изготовления косметики лореаль где пишется	2026-06-19 - 2026-07-19	1.0	1.0	100.0	4.0	4.0	0.0	0.0		0.0	0.0				1.0	1.0	100.0	4.0	4.0	0.0	0.0			
живанши батч код крем	2026-06-19 - 2026-07-19	1.0	0.0	0.0	11.0		0.0	0.0		0.0	0.0				0.0	0.0				1.0	0.0	0.0	11.0	
батч код viktor rolf	2026-06-19 - 2026-07-19	1.0	0.0	0.0	7.0		0.0	0.0		0.0	0.0				1.0	0.0	0.0	7.0		0.0	0.0			
garnier проверить срок годности	2026-06-19 - 2026-07-19	1.0	0.0	0.0	9.0		0.0	0.0		0.0	0.0				1.0	0.0	0.0	9.0		0.0	0.0			
aussie как определить срок годности	2026-06-19 - 2026-07-19	1.0	0.0	0.0	6.0		0.0	0.0		0.0	0.0				1.0	0.0	0.0	6.0		0.0	0.0			
как узнать срок годности диор	2026-06-19 - 2026-07-19	1.0	0.0	0.0	12.0		0.0	0.0		0.0	0.0				0.0	0.0				1.0	0.0	0.0	12.0	
lancome дата производства как посмотреть	2026-06-19 - 2026-07-19	1.0	0.0	0.0	4.0		0.0	0.0		0.0	0.0				1.0	0.0	0.0	4.0		0.0	0.0			
батч код мюглер	2026-06-19 - 2026-07-19	1.0	0.0	0.0	9.0		0.0	0.0		0.0	0.0				1.0	0.0	0.0	9.0		0.0	0.0			
батч-коды kenzo повторяются раз в 10 лет	2026-06-19 - 2026-07-19	1.0	0.0	0.0	11.0		0.0	0.0		0.0	0.0				0.0	0.0				1.0	0.0	0.0	11.0	
channel batch code	2026-06-19 - 2026-07-19	1.0	0.0	0.0	10.0		0.0	0.0		0.0	0.0				1.0	0.0	0.0	10.0		0.0	0.0			
скин сьютикал проверка батч кода	2026-06-19 - 2026-07-19	1.0	0.0	0.0	9.0		0.0	0.0		0.0	0.0				1.0	0.0	0.0	9.0		0.0	0.0			
том форд батч код проверить	2026-06-19 - 2026-07-19	1.0	0.0	0.0	13.0		0.0	0.0		0.0	0.0				0.0	0.0				1.0	0.0	0.0	13.0	
jean paul gaultier по коду узнать товар	2026-06-19 - 2026-07-19	1.0	0.0	0.0	2.0		0.0	0.0		1.0	0.0	0.0	2.0		0.0	0.0				0.0	0.0			
maison francis kurkdjian как проверить оригинальность по коду	2026-06-19 - 2026-07-19	1.0	0.0	0.0	6.0		0.0	0.0		0.0	0.0				1.0	0.0	0.0	6.0		0.0	0.0			
как проверить срок годности тоналки лореаль	2026-06-19 - 2026-07-19	1.0	1.0	100.0	1.0	1.0	1.0	1.0	100.0	0.0	0.0				0.0	0.0				0.0	0.0			
kenzo батч коды	2026-06-19 - 2026-07-19	1.0	0.0	0.0	11.0		0.0	0.0		0.0	0.0				0.0	0.0				1.0	0.0	0.0	11.0	
срок годности лореаль по коду	2026-06-19 - 2026-07-19	1.0	0.0	0.0	9.0		0.0	0.0		0.0	0.0				1.0	0.0	0.0	9.0		0.0	0.0			
vichy проверка по коду	2026-06-19 - 2026-07-19	1.0	0.0	0.0	10.0		0.0	0.0		0.0	0.0				1.0	0.0	0.0	10.0		0.0	0.0			
батч коды килс	2026-06-19 - 2026-07-19	1.0	0.0	0.0	10.0		0.0	0.0		0.0	0.0				1.0	0.0	0.0	10.0		0.0	0.0			
посмотреть срок годности тоналки по номеру лореаль	2026-06-19 - 2026-07-19	1.0	0.0	0.0	2.0		0.0	0.0		1.0	0.0	0.0	2.0		0.0	0.0				0.0	0.0			
проверка батч кода loreal	2026-06-19 - 2026-07-19	1.0	0.0	0.0	9.0		0.0	0.0		0.0	0.0				1.0	0.0	0.0	9.0		0.0	0.0			
код срока годности guerlain	2026-06-19 - 2026-07-19	1.0	0.0	0.0	7.0		0.0	0.0		0.0	0.0				1.0	0.0	0.0	7.0		0.0	0.0			
brands owned by tgt consumer products manufacturing	2026-06-19 - 2026-07-19	1.0	0.0	0.0	1.0		1.0	0.0	0.0	0.0	0.0				0.0	0.0				0.0	0.0			
clinique батч код	2026-06-19 - 2026-07-19	1.0	0.0	0.0	27.0		0.0	0.0		0.0	0.0				0.0	0.0				1.0	0.0	0.0	27.0	
davidoff проверить батч-код	2026-06-19 - 2026-07-19	1.0	1.0	100.0	3.0	3.0	0.0	0.0		1.0	1.0	100.0	3.0	3.0	0.0	0.0				0.0	0.0			
проверка garnier по коду	2026-06-19 - 2026-07-19	1.0	1.0	100.0	3.0	3.0	0.0	0.0		1.0	1.0	100.0	3.0	3.0	0.0	0.0				0.0	0.0			
тональный крем эсте лаудер батч код аb3 когда произведен	2026-06-19 - 2026-07-19	1.0	0.0	0.0	4.0		0.0	0.0		0.0	0.0				1.0	0.0	0.0	4.0		0.0	0.0			
батч код мас	2026-06-19 - 2026-07-19	1.0	0.0	0.0	7.0		0.0	0.0		0.0	0.0				1.0	0.0	0.0	7.0		0.0	0.0			
дата производства hugo boss boss bottled где на упаковке	2026-06-19 - 2026-07-19	1.0	0.0	0.0	7.0		0.0	0.0		0.0	0.0				1.0	0.0	0.0	7.0		0.0	0.0			
как узнать срок годности сыворотки лореаль	2026-06-19 - 2026-07-19	1.0	0.0	0.0	8.0		0.0	0.0		0.0	0.0				1.0	0.0	0.0	8.0		0.0	0.0			
проверка подлинности синтелла скин 1004	2026-06-19 - 2026-07-19	1.0	0.0	0.0	5.0		0.0	0.0		0.0	0.0				1.0	0.0	0.0	5.0		0.0	0.0			
срок годности guerlain	2026-06-19 - 2026-07-19	1.0	0.0	0.0	7.0		0.0	0.0		0.0	0.0				1.0	0.0	0.0	7.0		0.0	0.0			
духи эсте лаудер пробить по штрих коду	2026-06-19 - 2026-07-19	1.0	0.0	0.0	11.0		0.0	0.0		0.0	0.0				0.0	0.0				1.0	0.0	0.0	11.0	
как проверить лореаль на подлинность	2026-06-19 - 2026-07-19	1.0	0.0	0.0	7.0		0.0	0.0		0.0	0.0				1.0	0.0	0.0	7.0		0.0	0.0			
где на сыворотке garnier можно посмотреть дату изготовления	2026-06-19 - 2026-07-19	1.0	0.0	0.0	7.0		0.0	0.0		0.0	0.0				1.0	0.0	0.0	7.0		0.0	0.0			
killian проверка кодов	2026-06-19 - 2026-07-19	1.0	0.0	0.0	9.0		0.0	0.0		0.0	0.0				1.0	0.0	0.0	9.0		0.0	0.0			
hugo boss femme батч код	2026-06-19 - 2026-07-19	1.0	0.0	0.0	10.0		0.0	0.0		0.0	0.0				1.0	0.0	0.0	10.0		0.0	0.0			
гарньер бальзам банановый где смотреть срок годности	2026-06-19 - 2026-07-19	1.0	0.0	0.0	8.0		0.0	0.0		0.0	0.0				1.0	0.0	0.0	8.0		0.0	0.0			
батч код хуго босс	2026-06-19 - 2026-07-19	1.0	0.0	0.0	3.0		0.0	0.0		1.0	0.0	0.0	3.0		0.0	0.0				0.0	0.0			
как проверить подлинность kenzo	2026-06-19 - 2026-07-19	1.0	0.0	0.0	11.0		0.0	0.0		0.0	0.0				0.0	0.0				1.0	0.0	0.0	11.0	
где посмотреть срок годности тональника от лореаль париж	2026-06-19 - 2026-07-19	1.0	0.0	0.0	6.0		0.0	0.0		0.0	0.0				1.0	0.0	0.0	6.0		0.0	0.0			
upc 023614899419 winchester	2026-06-19 - 2026-07-19	1.0	0.0	0.0	11.0		0.0	0.0		0.0	0.0				0.0	0.0				1.0	0.0	0.0	11.0	
calvin klein декодер	2026-06-19 - 2026-07-19	1.0	0.0	0.0	4.0		0.0	0.0		0.0	0.0				1.0	0.0	0.0	4.0		0.0	0.0			
где у крида батч код на флаконе	2026-06-19 - 2026-07-19	1.0	0.0	0.0	12.0		0.0	0.0		0.0	0.0				0.0	0.0				1.0	0.0	0.0	12.0	
где батч код на сыворотке anua	2026-06-19 - 2026-07-19	1.0	0.0	0.0	11.0		0.0	0.0		0.0	0.0				0.0	0.0				1.0	0.0	0.0	11.0	
батч код никс проверить срок	2026-06-19 - 2026-07-19	1.0	0.0	0.0	10.0		0.0	0.0		0.0	0.0				1.0	0.0	0.0	10.0		0.0	0.0			
как узнать оригинальный ли jean paul gaultier	2026-06-19 - 2026-07-19	1.0	0.0	0.0	6.0		0.0	0.0		0.0	0.0				1.0	0.0	0.0	6.0		0.0	0.0			
estee lauder batch	2026-06-19 - 2026-07-19	1.0	0.0	0.0	11.0		0.0	0.0		0.0	0.0				0.0	0.0				1.0	0.0	0.0	11.0	
дата производства косметики ланком	2026-06-19 - 2026-07-19	1.0	0.0	0.0	10.0		0.0	0.0		0.0	0.0				1.0	0.0	0.0	10.0		0.0	0.0			
как проверить оригинальность крема skin1004	2026-06-19 - 2026-07-19	1.0	0.0	0.0	11.0		0.0	0.0		0.0	0.0				0.0	0.0				1.0	0.0	0.0	11.0	
гарньер батч код проверка	2026-06-19 - 2026-07-19	1.0	0.0	0.0	10.0		0.0	0.0		0.0	0.0				1.0	0.0	0.0	10.0		0.0	0.0			
güneş kremi sürerken dayadım	2026-06-19 - 2026-07-19	1.0	0.0	0.0	3.0		0.0	0.0		1.0	0.0	0.0	3.0		0.0	0.0				0.0	0.0			
батч код сальваторе феррагамо	2026-06-19 - 2026-07-19	1.0	0.0	0.0	9.0		0.0	0.0		0.0	0.0				1.0	0.0	0.0	9.0		0.0	0.0			
батч код ланком проверить	2026-06-19 - 2026-07-19	1.0	0.0	0.0	12.0		0.0	0.0		0.0	0.0				0.0	0.0				1.0	0.0	0.0	12.0	
28z302 дата изготовления гарньер	2026-06-19 - 2026-07-19	1.0	1.0	100.0	6.0	6.0	0.0	0.0		0.0	0.0				1.0	1.0	100.0	6.0	6.0	0.0	0.0			
проверка батч кода davidoff	2026-06-19 - 2026-07-19	1.0	0.0	0.0	5.0		0.0	0.0		0.0	0.0				1.0	0.0	0.0	5.0		0.0	0.0			
certified cosmetics manufacturer marīvān	2026-06-19 - 2026-07-19	1.0	0.0	0.0	8.0		0.0	0.0		0.0	0.0				1.0	0.0	0.0	8.0		0.0	0.0			
где бач код у готье	2026-06-19 - 2026-07-19	1.0	0.0	0.0	3.0		0.0	0.0		1.0	0.0	0.0	3.0		0.0	0.0				0.0	0.0			
roberto cavalli как проверить оригинальность по коду	2026-06-19 - 2026-07-19	1.0	0.0	0.0	6.0		0.0	0.0		0.0	0.0				1.0	0.0	0.0	6.0		0.0	0.0			
brands owned by brazilian skin care group consumer products manufacturing	2026-06-19 - 2026-07-19	1.0	0.0	0.0	7.0		0.0	0.0		0.0	0.0				1.0	0.0	0.0	7.0		0.0	0.0			
как проверить срок годности у cerave	2026-06-19 - 2026-07-19	1.0	0.0	0.0	9.0		0.0	0.0		0.0	0.0				1.0	0.0	0.0	9.0		0.0	0.0			
проверить сроки годности маски лореаль	2026-06-19 - 2026-07-19	1.0	0.0	0.0	11.0		0.0	0.0		0.0	0.0				0.0	0.0				1.0	0.0	0.0	11.0	
lancome срок годности	2026-06-19 - 2026-07-19	1.0	0.0	0.0	13.0		0.0	0.0		0.0	0.0				0.0	0.0				1.0	0.0	0.0	13.0	
нету батч кода на банке jean paul gaultier le beau	2026-06-19 - 2026-07-19	1.0	0.0	0.0	11.0		0.0	0.0		0.0	0.0				0.0	0.0				1.0	0.0	0.0	11.0	
проверить бачт код coach	2026-06-19 - 2026-07-19	1.0	0.0	0.0	6.0		0.0	0.0		0.0	0.0				1.0	0.0	0.0	6.0		0.0	0.0			
на сайте диор вышло 2025-09 age 10 months 14 days notes the batch codes are repeated every 10 years.	2026-06-19 - 2026-07-19	1.0	0.0	0.0	7.0		0.0	0.0		0.0	0.0				1.0	0.0	0.0	7.0		0.0	0.0			
батс код jo malone	2026-06-19 - 2026-07-19	1.0	0.0	0.0	7.0		0.0	0.0		0.0	0.0				1.0	0.0	0.0	7.0		0.0	0.0			
батч коды jo malone	2026-06-19 - 2026-07-19	1.0	0.0	0.0	10.0		0.0	0.0		0.0	0.0				1.0	0.0	0.0	10.0		0.0	0.0			
срок годности на спф гарньер где посмотреть	2026-06-19 - 2026-07-19	1.0	0.0	0.0	8.0		0.0	0.0		0.0	0.0				1.0	0.0	0.0	8.0		0.0	0.0			
kerastase проверить батч код	2026-06-19 - 2026-07-19	1.0	0.0	0.0	8.0		0.0	0.0		0.0	0.0				1.0	0.0	0.0	8.0		0.0	0.0			
batch kod sorgulama siteleri	2026-06-19 - 2026-07-19	1.0	0.0	0.0	7.0		0.0	0.0		0.0	0.0				1.0	0.0	0.0	7.0		0.0	0.0			
mac cosmetics batch	2026-06-19 - 2026-07-19	1.0	1.0	100.0	4.0	4.0	0.0	0.0		0.0	0.0				1.0	1.0	100.0	4.0	4.0	0.0	0.0			
skinceuticals проверка	2026-06-19 - 2026-07-19	1.0	0.0	0.0	8.0		0.0	0.0		0.0	0.0				1.0	0.0	0.0	8.0		0.0	0.0			
ароматы гуччи как проверить дату	2026-06-19 - 2026-07-19	1.0	0.0	0.0	7.0		0.0	0.0		0.0	0.0				1.0	0.0	0.0	7.0		0.0	0.0			
проверить код партии	2026-06-19 - 2026-07-19	1.0	0.0	0.0	9.0		0.0	0.0		0.0	0.0				1.0	0.0	0.0	9.0		0.0	0.0			
как узнать оригинал или нет loreal parish	2026-06-19 - 2026-07-19	1.0	0.0	0.0	8.0		0.0	0.0		0.0	0.0				1.0	0.0	0.0	8.0		0.0	0.0			
color wow decoder batch	2026-06-19 - 2026-07-19	1.0	0.0	0.0	4.0		0.0	0.0		0.0	0.0				1.0	0.0	0.0	4.0		0.0	0.0			
проверка кензо	2026-06-19 - 2026-07-19	1.0	0.0	0.0	9.0		0.0	0.0		0.0	0.0				1.0	0.0	0.0	9.0		0.0	0.0			
эсте лаудер что значат цифры и буквы на тоналке	2026-06-19 - 2026-07-19	1.0	0.0	0.0	11.0		0.0	0.0		0.0	0.0				0.0	0.0				1.0	0.0	0.0	11.0	
как понять срок годности поддодки loreal если н не указан	2026-06-19 - 2026-07-19	1.0	0.0	0.0	8.0		0.0	0.0		0.0	0.0				1.0	0.0	0.0	8.0		0.0	0.0			
как понять срок годности подводки loreal если н не указан	2026-06-19 - 2026-07-19	1.0	0.0	0.0	9.0		0.0	0.0		0.0	0.0				1.0	0.0	0.0	9.0		0.0	0.0			
срок годности тоналки mac проверить	2026-06-19 - 2026-07-19	1.0	0.0	0.0	10.0		0.0	0.0		0.0	0.0				1.0	0.0	0.0	10.0		0.0	0.0			
проверить батч крид авентус	2026-06-19 - 2026-07-19	1.0	0.0	0.0	9.0		0.0	0.0		0.0	0.0				1.0	0.0	0.0	9.0		0.0	0.0			
fresh man mexx fragrance makeupalley or youtube review opinion layering	2026-06-19 - 2026-07-19	1.0	0.0	0.0	12.0		0.0	0.0		0.0	0.0				0.0	0.0				1.0	0.0	0.0	12.0	
сыворотка ануа сверить баркод оригинальности	2026-06-19 - 2026-07-19	1.0	0.0	0.0	7.0		0.0	0.0		0.0	0.0				1.0	0.0	0.0	7.0		0.0	0.0			
как проверить подлинность bioderma	2026-06-19 - 2026-07-19	1.0	0.0	0.0	11.0		0.0	0.0		0.0	0.0				0.0	0.0				1.0	0.0	0.0	11.0	
cosmetic labelling period after opening pao symbol minimum durability date rules article 19	2026-06-19 - 2026-07-19	1.0	0.0	0.0	3.0		0.0	0.0		1.0	0.0	0.0	3.0		0.0	0.0				0.0	0.0			
проверить батч диор	2026-06-19 - 2026-07-19	1.0	0.0	0.0	10.0		0.0	0.0		0.0	0.0				1.0	0.0	0.0	10.0		0.0	0.0			
батч код диор проверить	2026-06-19 - 2026-07-19	1.0	1.0	100.0	20.0	20.0	0.0	0.0		0.0	0.0				0.0	0.0				1.0	1.0	100.0	20.0	20.0
проверить крем лореаль	2026-06-19 - 2026-07-19	1.0	0.0	0.0	8.0		0.0	0.0		0.0	0.0				1.0	0.0	0.0	8.0		0.0	0.0			
декодер пакетного кода l'oreal	2026-06-19 - 2026-07-19	1.0	1.0	100.0	2.0	2.0	0.0	0.0		1.0	1.0	100.0	2.0	2.0	0.0	0.0				0.0	0.0			
скин 1004 проверка	2026-06-19 - 2026-07-19	1.0	0.0	0.0	7.0		0.0	0.0		0.0	0.0				1.0	0.0	0.0	7.0		0.0	0.0			
брач код mac батч-код b21; ab9; a71	2026-06-19 - 2026-07-19	1.0	0.0	0.0	4.0		0.0	0.0		0.0	0.0				1.0	0.0	0.0	4.0		0.0	0.0			
проверить батч код фенти бьюти	2026-06-19 - 2026-07-19	1.0	0.0	0.0	8.0		0.0	0.0		0.0	0.0				1.0	0.0	0.0	8.0		0.0	0.0			
как определить оригинал средств керастаз	2026-06-19 - 2026-07-19	1.0	0.0	0.0	12.0		0.0	0.0		0.0	0.0				0.0	0.0				1.0	0.0	0.0	12.0	
серийный номер роберто кавалли	2026-06-19 - 2026-07-19	1.0	0.0	0.0	7.0		0.0	0.0		0.0	0.0				1.0	0.0	0.0	7.0		0.0	0.0			
дата на рексоне антипресперанте	2026-06-19 - 2026-07-19	1.0	0.0	0.0	7.0		0.0	0.0		0.0	0.0				1.0	0.0	0.0	7.0		0.0	0.0			
как проверить подлинность духов dunhill	2026-06-19 - 2026-07-19	1.0	0.0	0.0	9.0		0.0	0.0		0.0	0.0				1.0	0.0	0.0	9.0		0.0	0.0			
проверка кода лореаль	2026-06-19 - 2026-07-19	1.0	0.0	0.0	11.0		0.0	0.0		0.0	0.0				0.0	0.0				1.0	0.0	0.0	11.0	
проверить том форд по батч	2026-06-19 - 2026-07-19	1.0	0.0	0.0	13.0		0.0	0.0		0.0	0.0				0.0	0.0				1.0	0.0	0.0	13.0	
calvin klein батч	2026-06-19 - 2026-07-19	1.0	0.0	0.0	9.0		0.0	0.0		0.0	0.0				1.0	0.0	0.0	9.0		0.0	0.0			
ulnay проверка по батч коду кензо	2026-06-19 - 2026-07-19	1.0	0.0	0.0	11.0		0.0	0.0		0.0	0.0				0.0	0.0				1.0	0.0	0.0	11.0	
chjr ujlyjcnb dbib rfr hfcibahjdfnm	2026-06-19 - 2026-07-19	1.0	0.0	0.0	5.0		0.0	0.0		0.0	0.0				1.0	0.0	0.0	5.0		0.0	0.0			
том форд батч код палетка теней	2026-06-19 - 2026-07-19	1.0	0.0	0.0	4.0		0.0	0.0		0.0	0.0				1.0	0.0	0.0	4.0		0.0	0.0			
проверка батч кода burberry	2026-06-19 - 2026-07-19	1.0	0.0	0.0	6.0		0.0	0.0		0.0	0.0				1.0	0.0	0.0	6.0		0.0	0.0			
номер партии лореаль	2026-06-19 - 2026-07-19	1.0	0.0	0.0	6.0		0.0	0.0		0.0	0.0				1.0	0.0	0.0	6.0		0.0	0.0			
проверить код nina ricci	2026-06-19 - 2026-07-19	1.0	0.0	0.0	8.0		0.0	0.0		0.0	0.0				1.0	0.0	0.0	8.0		0.0	0.0			
живанши батч	2026-06-19 - 2026-07-19	1.0	0.0	0.0	6.0		0.0	0.0		0.0	0.0				1.0	0.0	0.0	6.0		0.0	0.0			
проверить оригинальность мейбелин	2026-06-19 - 2026-07-19	1.0	0.0	0.0	4.0		0.0	0.0		0.0	0.0				1.0	0.0	0.0	4.0		0.0	0.0			
срок годности по коду clinique ab9	2026-06-19 - 2026-07-19	1.0	0.0	0.0	10.0		0.0	0.0		0.0	0.0				1.0	0.0	0.0	10.0		0.0	0.0			
духи герлен по коду партии	2026-06-19 - 2026-07-19	1.0	0.0	0.0	13.0		0.0	0.0		0.0	0.0				0.0	0.0				1.0	0.0	0.0	13.0	
посмотреть срок годности румян mac	2026-06-19 - 2026-07-19	1.0	0.0	0.0	7.0		0.0	0.0		0.0	0.0				1.0	0.0	0.0	7.0		0.0	0.0			
проверка гарнер	2026-06-19 - 2026-07-19	1.0	0.0	0.0	8.0		0.0	0.0		0.0	0.0				1.0	0.0	0.0	8.0		0.0	0.0			
как отличить оригинал от подделки духи виктор рольф по батч коду	2026-06-19 - 2026-07-19	1.0	1.0	100.0	2.0	2.0	0.0	0.0		1.0	1.0	100.0	2.0	2.0	0.0	0.0				0.0	0.0			
код партии на косметике проверить my muse	2026-06-19 - 2026-07-19	1.0	0.0	0.0	7.0		0.0	0.0		0.0	0.0				1.0	0.0	0.0	7.0		0.0	0.0			
эсте лаудер по батч коду проверить	2026-06-19 - 2026-07-19	1.0	2.0	200.0	4.0	4.0	0.0	0.0		0.0	0.0				1.0	2.0	200.0	4.0	4.0	0.0	0.0			
срок годности мейбелин	2026-06-19 - 2026-07-19	1.0	0.0	0.0	7.0		0.0	0.0		0.0	0.0				1.0	0.0	0.0	7.0		0.0	0.0			
как выглядит батч код у montblanc	2026-06-19 - 2026-07-19	1.0	0.0	0.0	6.0		0.0	0.0		0.0	0.0				1.0	0.0	0.0	6.0		0.0	0.0			
brands owned by roc skincare consumer products manufacturing	2026-06-19 - 2026-07-19	1.0	0.0	0.0	3.0		0.0	0.0		1.0	0.0	0.0	3.0		0.0	0.0				0.0	0.0			
проверить пудру redken по сроку годности	2026-06-19 - 2026-07-19	1.0	0.0	0.0	9.0		0.0	0.0		0.0	0.0				1.0	0.0	0.0	9.0		0.0	0.0			
maison francis kurkdjian проверить на оригинальность по коду	2026-06-19 - 2026-07-19	1.0	0.0	0.0	5.0		0.0	0.0		0.0	0.0				1.0	0.0	0.0	5.0		0.0	0.0			
батч код bottega veneta	2026-06-19 - 2026-07-19	1.0	0.0	0.0	5.0		0.0	0.0		0.0	0.0				1.0	0.0	0.0	5.0		0.0	0.0			
том форд проверить батч код	2026-06-19 - 2026-07-19	1.0	0.0	0.0	9.0		0.0	0.0		0.0	0.0				1.0	0.0	0.0	9.0		0.0	0.0			
batch code cerave	2026-06-19 - 2026-07-19	1.0	0.0	0.0	7.0		0.0	0.0		0.0	0.0				1.0	0.0	0.0	7.0		0.0	0.0			
проверить духи montblanc по батч коду онлайн	2026-06-19 - 2026-07-19	1.0	0.0	0.0	10.0		0.0	0.0		0.0	0.0				1.0	0.0	0.0	10.0		0.0	0.0			
батя код диор	2026-06-19 - 2026-07-19	1.0	0.0	0.0	6.0		0.0	0.0		0.0	0.0				1.0	0.0	0.0	6.0		0.0	0.0			
estee lauder sensuous батч код b40	2026-06-19 - 2026-07-19	1.0	0.0	0.0	8.0		0.0	0.0		0.0	0.0				1.0	0.0	0.0	8.0		0.0	0.0			
brands owned by runa consumer products manufacturing	2026-06-19 - 2026-07-19	1.0	0.0	0.0	7.0		0.0	0.0		0.0	0.0				1.0	0.0	0.0	7.0		0.0	0.0			
checkcosmetic	2026-06-19 - 2026-07-19	1.0	0.0	0.0	6.0		0.0	0.0		0.0	0.0				1.0	0.0	0.0	6.0		0.0	0.0			
маркировка сроков эсте лаудер	2026-06-19 - 2026-07-19	1.0	0.0	0.0	4.0		0.0	0.0		0.0	0.0				1.0	0.0	0.0	4.0		0.0	0.0			
escada celebrate n o w проверить батчкод	2026-06-19 - 2026-07-19	1.0	0.0	0.0	5.0		0.0	0.0		0.0	0.0				1.0	0.0	0.0	5.0		0.0	0.0			
batch code 6077	2026-06-19 - 2026-07-19	1.0	0.0	0.0	12.0		0.0	0.0		0.0	0.0				0.0	0.0				1.0	0.0	0.0	12.0	
сроки на мейбелин	2026-06-19 - 2026-07-19	1.0	0.0	0.0	4.0		0.0	0.0		0.0	0.0				1.0	0.0	0.0	4.0		0.0	0.0			
color wow batch	2026-06-19 - 2026-07-19	1.0	1.0	100.0	3.0	3.0	0.0	0.0		1.0	1.0	100.0	3.0	3.0	0.0	0.0				0.0	0.0			
whats inmybatch	2026-06-19 - 2026-07-19	1.0	0.0	0.0	6.0		0.0	0.0		0.0	0.0				1.0	0.0	0.0	6.0		0.0	0.0			
skin 1004 как понять где подделка где оригинал	2026-06-19 - 2026-07-19	1.0	0.0	0.0	11.0		0.0	0.0		0.0	0.0				0.0	0.0				1.0	0.0	0.0	11.0	
живанши проверить батч код	2026-06-19 - 2026-07-19	1.0	0.0	0.0	13.0		0.0	0.0		0.0	0.0				0.0	0.0				1.0	0.0	0.0	13.0	
cerave проверить подлинность	2026-06-19 - 2026-07-19	1.0	0.0	0.0	16.0		0.0	0.0		0.0	0.0				0.0	0.0				1.0	0.0	0.0	16.0	
проверить номер партии guerlain	2026-06-19 - 2026-07-19	1.0	0.0	0.0	5.0		0.0	0.0		0.0	0.0				1.0	0.0	0.0	5.0		0.0	0.0			
"l'oreal batch code checker""."	2026-06-19 - 2026-07-19	1.0	0.0	0.0	9.0		0.0	0.0		0.0	0.0				1.0	0.0	0.0	9.0		0.0	0.0			
maybelline код партии	2026-06-19 - 2026-07-19	1.0	0.0	0.0	4.0		0.0	0.0		0.0	0.0				1.0	0.0	0.0	4.0		0.0	0.0			
проверить дату выпуска парфюм том форд	2026-06-19 - 2026-07-19	1.0	0.0	0.0	13.0		0.0	0.0		0.0	0.0				0.0	0.0				1.0	0.0	0.0	13.0	
батч код лореаль профессионал где найти	2026-06-19 - 2026-07-19	1.0	0.0	0.0	7.0		0.0	0.0		0.0	0.0				1.0	0.0	0.0	7.0		0.0	0.0			
как проверить vichy на подлинность по номеру партии	2026-06-19 - 2026-07-19	1.0	0.0	0.0	11.0		0.0	0.0		0.0	0.0				0.0	0.0				1.0	0.0	0.0	11.0	
paco rabanne декодер	2026-06-19 - 2026-07-19	1.0	0.0	0.0	9.0		0.0	0.0		0.0	0.0				1.0	0.0	0.0	9.0		0.0	0.0			
эсте лаудер сыворотка проверить батч код	2026-06-19 - 2026-07-19	1.0	0.0	0.0	11.0		0.0	0.0		0.0	0.0				0.0	0.0				1.0	0.0	0.0	11.0	
проверить код loreal	2026-06-19 - 2026-07-19	1.0	0.0	0.0	8.0		0.0	0.0		0.0	0.0				1.0	0.0	0.0	8.0		0.0	0.0			
как проверить оригинальность ecuirin	2026-06-19 - 2026-07-19	1.0	0.0	0.0	7.0		0.0	0.0		0.0	0.0				1.0	0.0	0.0	7.0		0.0	0.0			
fresh woman mexx fragrance makeupalley or youtube review opinion layering	2026-06-19 - 2026-07-19	1.0	0.0	0.0	13.0		0.0	0.0		0.0	0.0				0.0	0.0				1.0	0.0	0.0	13.0	
батч код керастаз	2026-06-19 - 2026-07-19	1.0	0.0	0.0	10.0		0.0	0.0		0.0	0.0				1.0	0.0	0.0	10.0		0.0	0.0			
батч под beauty of joseon	2026-06-19 - 2026-07-19	1.0	0.0	0.0	8.0		0.0	0.0		0.0	0.0				1.0	0.0	0.0	8.0		0.0	0.0			
где батч код на флаконе jean paul gaultier	2026-06-19 - 2026-07-19	1.0	0.0	0.0	7.0		0.0	0.0		0.0	0.0				1.0	0.0	0.0	7.0		0.0	0.0			
проверить dior по батч коду	2026-06-19 - 2026-07-19	1.0	0.0	0.0	12.0		0.0	0.0		0.0	0.0				0.0	0.0				1.0	0.0	0.0	12.0	
как узнать срок годности garnier	2026-06-19 - 2026-07-19	1.0	0.0	0.0	6.0		0.0	0.0		0.0	0.0				1.0	0.0	0.0	6.0		0.0	0.0			
color wow как отличить подделку	2026-06-19 - 2026-07-19	1.0	0.0	0.0	6.0		0.0	0.0		0.0	0.0				1.0	0.0	0.0	6.0		0.0	0.0			
биотерм как определить дату производства 40z81u	2026-06-19 - 2026-07-19	1.0	0.0	0.0	7.0		0.0	0.0		0.0	0.0				1.0	0.0	0.0	7.0		0.0	0.0			
rfr ghjdthbnm jhbubyfkjcnm усгшкшт	2026-06-19 - 2026-07-19	1.0	0.0	0.0	10.0		0.0	0.0		0.0	0.0				1.0	0.0	0.0	10.0		0.0	0.0			
как эффективно проверить подлинность роберто кавалли	2026-06-19 - 2026-07-19	1.0	0.0	0.0	14.0		0.0	0.0		0.0	0.0				0.0	0.0				1.0	0.0	0.0	14.0	
kenzo пробить батч	2026-06-19 - 2026-07-19	1.0	1.0	100.0	1.0	1.0	1.0	1.0	100.0	0.0	0.0				0.0	0.0				0.0	0.0			
creed butch code f004081	2026-06-19 - 2026-07-19	1.0	0.0	0.0	6.0		0.0	0.0		0.0	0.0				1.0	0.0	0.0	6.0		0.0	0.0			
dior batch code perfume check	2026-06-19 - 2026-07-19	1.0	0.0	0.0	9.0		0.0	0.0		0.0	0.0				1.0	0.0	0.0	9.0		0.0	0.0			
loreal проверить по батч коду	2026-06-19 - 2026-07-19	1.0	0.0	0.0	10.0		0.0	0.0		0.0	0.0				1.0	0.0	0.0	10.0		0.0	0.0			
dior проверка батч кода	2026-06-19 - 2026-07-19	1.0	0.0	0.0	9.0		0.0	0.0		0.0	0.0				1.0	0.0	0.0	9.0		0.0	0.0			
проверить код продукта maybelline	2026-06-19 - 2026-07-19	1.0	0.0	0.0	2.0		0.0	0.0		1.0	0.0	0.0	2.0		0.0	0.0				0.0	0.0			
батч код fenty skin	2026-06-19 - 2026-07-19	1.0	0.0	0.0	4.0		0.0	0.0		0.0	0.0				1.0	0.0	0.0	4.0		0.0	0.0			
проверить духи по колу	2026-06-19 - 2026-07-19	1.0	0.0	0.0	5.0		0.0	0.0		0.0	0.0				1.0	0.0	0.0	5.0		0.0	0.0			
проверка срока годности гарнье	2026-06-19 - 2026-07-19	1.0	0.0	0.0	5.0		0.0	0.0		0.0	0.0				1.0	0.0	0.0	5.0		0.0	0.0			
brands owned by michael kors fragrance consumer products manufacturing	2026-06-19 - 2026-07-19	1.0	0.0	0.0	10.0		0.0	0.0		0.0	0.0				1.0	0.0	0.0	10.0		0.0	0.0			
батч код хьюго босс	2026-06-19 - 2026-07-19	1.0	0.0	0.0	8.0		0.0	0.0		0.0	0.0				1.0	0.0	0.0	8.0		0.0	0.0			
проверить ланком по батч коду	2026-06-19 - 2026-07-19	1.0	0.0	0.0	7.0		0.0	0.0		0.0	0.0				1.0	0.0	0.0	7.0		0.0	0.0			
skin 1004 официальный сайт проверить на оригинальность	2026-06-19 - 2026-07-19	1.0	0.0	0.0	9.0		0.0	0.0		0.0	0.0				1.0	0.0	0.0	9.0		0.0	0.0			
проверка батч кода давидофф	2026-06-19 - 2026-07-19	1.0	0.0	0.0	3.0		0.0	0.0		1.0	0.0	0.0	3.0		0.0	0.0				0.0	0.0			
cera ve проверить код партии	2026-06-19 - 2026-07-19	1.0	0.0	0.0	7.0		0.0	0.0		0.0	0.0				1.0	0.0	0.0	7.0		0.0	0.0			
батч код гуччи проверить	2026-06-19 - 2026-07-19	1.0	0.0	0.0	10.0		0.0	0.0		0.0	0.0				1.0	0.0	0.0	10.0		0.0	0.0			
brands owned by olympian cosmetics consumer products manufacturing	2026-06-19 - 2026-07-19	1.0	0.0	0.0	6.0		0.0	0.0		0.0	0.0				1.0	0.0	0.0	6.0		0.0	0.0			
какой срок годности у крема для глаз kiehl's	2026-06-19 - 2026-07-19	1.0	0.0	0.0	21.0		0.0	0.0		0.0	0.0				0.0	0.0				1.0	0.0	0.0	21.0	
проверка срока годности онлайн косметики виши	2026-06-19 - 2026-07-19	1.0	0.0	0.0	9.0		0.0	0.0		0.0	0.0				1.0	0.0	0.0	9.0		0.0	0.0			
срок годности косметики kerastase	2026-06-19 - 2026-07-19	1.0	0.0	0.0	9.0		0.0	0.0		0.0	0.0				1.0	0.0	0.0	9.0		0.0	0.0			
проверить код виши срок годности	2026-06-19 - 2026-07-19	1.0	0.0	0.0	7.0		0.0	0.0		0.0	0.0				1.0	0.0	0.0	7.0		0.0	0.0			
estee lauder проверить код	2026-06-19 - 2026-07-19	1.0	0.0	0.0	4.0		0.0	0.0		0.0	0.0				1.0	0.0	0.0	4.0		0.0	0.0			
проверить оригинальность фенти бьюти	2026-06-19 - 2026-07-19	1.0	0.0	0.0	5.0		0.0	0.0		0.0	0.0				1.0	0.0	0.0	5.0		0.0	0.0			
batch code perfums test	2026-06-19 - 2026-07-19	1.0	0.0	0.0	11.0		0.0	0.0		0.0	0.0				0.0	0.0				1.0	0.0	0.0	11.0	
батч код fenty	2026-06-19 - 2026-07-19	1.0	0.0	0.0	9.0		0.0	0.0		0.0	0.0				1.0	0.0	0.0	9.0		0.0	0.0			
батч код фэнти бьюти	2026-06-19 - 2026-07-19	1.0	0.0	0.0	8.0		0.0	0.0		0.0	0.0				1.0	0.0	0.0	8.0		0.0	0.0			
barcode coach проверка	2026-06-19 - 2026-07-19	1.0	0.0	0.0	9.0		0.0	0.0		0.0	0.0				1.0	0.0	0.0	9.0		0.0	0.0			
где посмотреть срок годности kenzo world	2026-06-19 - 2026-07-19	1.0	0.0	0.0	11.0		0.0	0.0		0.0	0.0				0.0	0.0				1.0	0.0	0.0	11.0	
онлайн‑декодер кодов l’oréal	2026-06-19 - 2026-07-19	1.0	0.0	0.0	7.0		0.0	0.0		0.0	0.0				1.0	0.0	0.0	7.0		0.0	0.0			
фэмили косметик проверить код партии	2026-06-19 - 2026-07-19	1.0	0.0	0.0	4.0		0.0	0.0		0.0	0.0				1.0	0.0	0.0	4.0		0.0	0.0			
проверить бренд aesop	2026-06-19 - 2026-07-19	1.0	2.0	200.0	6.0	6.0	0.0	0.0		0.0	0.0				1.0	2.0	200.0	6.0	6.0	0.0	0.0			
kérastase проверить срок годности	2026-06-19 - 2026-07-19	1.0	0.0	0.0	6.0		0.0	0.0		0.0	0.0				1.0	0.0	0.0	6.0		0.0	0.0			
pure for him mexx fragrance makeupalley or youtube review opinion layering	2026-06-19 - 2026-07-19	1.0	0.0	0.0	9.0		0.0	0.0		0.0	0.0				1.0	0.0	0.0	9.0		0.0	0.0			
датч код духов проверить	2026-06-19 - 2026-07-19	1.0	0.0	0.0	4.0		0.0	0.0		0.0	0.0				1.0	0.0	0.0	4.0		0.0	0.0			
проверка подлинности skin 1004	2026-06-19 - 2026-07-19	1.0	0.0	0.0	6.0		0.0	0.0		0.0	0.0				1.0	0.0	0.0	6.0		0.0	0.0			
батч код барбери	2026-06-19 - 2026-07-19	1.0	0.0	0.0	9.0		0.0	0.0		0.0	0.0				1.0	0.0	0.0	9.0		0.0	0.0			
redken косметический калькулятор проверка	2026-06-19 - 2026-07-19	1.0	0.0	0.0	8.0		0.0	0.0		0.0	0.0				1.0	0.0	0.0	8.0		0.0	0.0			
батч код нарс	2026-06-19 - 2026-07-19	1.0	0.0	0.0	3.0		0.0	0.0		1.0	0.0	0.0	3.0		0.0	0.0				0.0	0.0			
срок годности после вскрытия mac macximal matte	2026-06-19 - 2026-07-19	1.0	0.0	0.0	9.0		0.0	0.0		0.0	0.0				1.0	0.0	0.0	9.0		0.0	0.0			
батч код beauty of joseon spf fc121 оригинал или нет	2026-06-19 - 2026-07-19	1.0	0.0	0.0	4.0		0.0	0.0		0.0	0.0				1.0	0.0	0.0	4.0		0.0	0.0			
батч код jean paul gaultier le bleu	2026-06-19 - 2026-07-19	1.0	1.0	100.0	4.0	4.0	0.0	0.0		0.0	0.0				1.0	1.0	100.0	4.0	4.0	0.0	0.0			
срок годности garnier	2026-06-19 - 2026-07-19	1.0	0.0	0.0	12.0		0.0	0.0		0.0	0.0				0.0	0.0				1.0	0.0	0.0	12.0	
проверка батч код jimmy choo	2026-06-19 - 2026-07-19	1.0	0.0	0.0	7.0		0.0	0.0		0.0	0.0				1.0	0.0	0.0	7.0		0.0	0.0			
meder beauty science как проверить batch code	2026-06-19 - 2026-07-19	1.0	1.0	100.0	1.0	1.0	1.0	1.0	100.0	0.0	0.0				0.0	0.0				0.0	0.0			
гарньер сроки годности есть ли запас от указанной даты	2026-06-19 - 2026-07-19	1.0	0.0	0.0	1.0		1.0	0.0	0.0	0.0	0.0				0.0	0.0				0.0	0.0			
batch code check	2026-06-19 - 2026-07-19	1.0	0.0	0.0	7.0		0.0	0.0		0.0	0.0				1.0	0.0	0.0	7.0		0.0	0.0			
beauty of joseon проверка	2026-06-19 - 2026-07-19	1.0	0.0	0.0	5.0		0.0	0.0		0.0	0.0				1.0	0.0	0.0	5.0		0.0	0.0			
kilian батч	2026-06-19 - 2026-07-19	1.0	0.0	0.0	9.0		0.0	0.0		0.0	0.0				1.0	0.0	0.0	9.0		0.0	0.0			
vichy срок годности пробников	2026-06-19 - 2026-07-19	1.0	0.0	0.0	13.0		0.0	0.0		0.0	0.0				0.0	0.0				1.0	0.0	0.0	13.0	
как проверить гарньер на подлинность	2026-06-19 - 2026-07-19	1.0	0.0	0.0	7.0		0.0	0.0		0.0	0.0				1.0	0.0	0.0	7.0		0.0	0.0			
батч код биодерма	2026-06-19 - 2026-07-19	1.0	0.0	0.0	10.0		0.0	0.0		0.0	0.0				1.0	0.0	0.0	10.0		0.0	0.0			
батч код эсте лаудер это что	2026-06-19 - 2026-07-19	1.0	0.0	0.0	6.0		0.0	0.0		0.0	0.0				1.0	0.0	0.0	6.0		0.0	0.0			
как проверить мейбелин на оригинальность пошагово	2026-06-19 - 2026-07-19	1.0	0.0	0.0	9.0		0.0	0.0		0.0	0.0				1.0	0.0	0.0	9.0		0.0	0.0			
диор батч код	2026-06-19 - 2026-07-19	1.0	0.0	0.0	9.0		0.0	0.0		0.0	0.0				1.0	0.0	0.0	9.0		0.0	0.0			
батч код джо малон проверить	2026-06-19 - 2026-07-19	1.0	0.0	0.0	10.0		0.0	0.0		0.0	0.0				1.0	0.0	0.0	10.0		0.0	0.0			
как проверить срок годности гарньер сыворотка	2026-06-19 - 2026-07-19	1.0	1.0	100.0	11.0	11.0	0.0	0.0		0.0	0.0				0.0	0.0				1.0	1.0	100.0	11.0	11.0
сайт декодер cerave	2026-06-19 - 2026-07-19	1.0	0.0	0.0	8.0		0.0	0.0		0.0	0.0				1.0	0.0	0.0	8.0		0.0	0.0			
lankome по батчкоду	2026-06-19 - 2026-07-19	1.0	0.0	0.0	5.0		0.0	0.0		0.0	0.0				1.0	0.0	0.0	5.0		0.0	0.0			
декодер партионных кодов герлен	2026-06-19 - 2026-07-19	1.0	0.0	0.0	5.0		0.0	0.0		0.0	0.0				1.0	0.0	0.0	5.0		0.0	0.0			
jimmy choo бач код	2026-06-19 - 2026-07-19	1.0	0.0	0.0	13.0		0.0	0.0		0.0	0.0				0.0	0.0				1.0	0.0	0.0	13.0	
срок годности духов lancome	2026-06-19 - 2026-07-19	1.0	0.0	0.0	12.0		0.0	0.0		0.0	0.0				0.0	0.0				1.0	0.0	0.0	12.0	
узнать срок годности по штрих коду лореаль	2026-06-19 - 2026-07-19	1.0	0.0	0.0	9.0		0.0	0.0		0.0	0.0				1.0	0.0	0.0	9.0		0.0	0.0			
gucci проверить дату выпуска по батч коду	2026-06-19 - 2026-07-19	1.0	0.0	0.0	6.0		0.0	0.0		0.0	0.0				1.0	0.0	0.0	6.0		0.0	0.0			
батч код burberry	2026-06-19 - 2026-07-19	1.0	0.0	0.0	9.0		0.0	0.0		0.0	0.0				1.0	0.0	0.0	9.0		0.0	0.0			
срок годности тонального nars	2026-06-19 - 2026-07-19	1.0	0.0	0.0	11.0		0.0	0.0		0.0	0.0				0.0	0.0				1.0	0.0	0.0	11.0	
alr44r282 код партии лакост	2026-06-19 - 2026-07-19	1.0	0.0	0.0	11.0		0.0	0.0		0.0	0.0				0.0	0.0				1.0	0.0	0.0	11.0	
декодер от гарньер	2026-06-19 - 2026-07-19	1.0	0.0	0.0	3.0		0.0	0.0		1.0	0.0	0.0	3.0		0.0	0.0				0.0	0.0			
срок годности духов abercrombie fitch	2026-06-19 - 2026-07-19	1.0	0.0	0.0	13.0		0.0	0.0		0.0	0.0				0.0	0.0				1.0	0.0	0.0	13.0	
как узнать срок годности косметики benefit	2026-06-19 - 2026-07-19	1.0	0.0	0.0	5.0		0.0	0.0		0.0	0.0				1.0	0.0	0.0	5.0		0.0	0.0			
summer bliss for her mexx fragrance makeupalley or youtube review opinion layering	2026-06-19 - 2026-07-19	1.0	0.0	0.0	13.0		0.0	0.0		0.0	0.0				0.0	0.0				1.0	0.0	0.0	13.0	
boucheron chocolate nerenin	2026-06-19 - 2026-07-19	1.0	0.0	0.0	11.0		0.0	0.0		0.0	0.0				0.0	0.0				1.0	0.0	0.0	11.0	
срок годности garnier по бат коду	2026-06-19 - 2026-07-19	1.0	0.0	0.0	7.0		0.0	0.0		0.0	0.0				1.0	0.0	0.0	7.0		0.0	0.0			
проверить оригинальность victor and rolf	2026-06-19 - 2026-07-19	1.0	0.0	0.0	9.0		0.0	0.0		0.0	0.0				1.0	0.0	0.0	9.0		0.0	0.0			
проверить barcode nina ricci	2026-06-19 - 2026-07-19	1.0	0.0	0.0	6.0		0.0	0.0		0.0	0.0				1.0	0.0	0.0	6.0		0.0	0.0			
montblabc batch coe	2026-06-19 - 2026-07-19	1.0	0.0	0.0	6.0		0.0	0.0		0.0	0.0				1.0	0.0	0.0	6.0		0.0	0.0			
батч код диор саваж	2026-06-19 - 2026-07-19	1.0	0.0	0.0	5.0		0.0	0.0		0.0	0.0				1.0	0.0	0.0	5.0		0.0	0.0			
где и как проверить maybelline по батч коду	2026-06-19 - 2026-07-19	1.0	0.0	0.0	6.0		0.0	0.0		0.0	0.0				1.0	0.0	0.0	6.0		0.0	0.0			
medicube проверка подлинности	2026-06-19 - 2026-07-19	1.0	0.0	0.0	28.0		0.0	0.0		0.0	0.0				0.0	0.0				1.0	0.0	0.0	28.0	
банч код проверка	2026-06-19 - 2026-07-19	1.0	0.0	0.0	6.0		0.0	0.0		0.0	0.0				1.0	0.0	0.0	6.0		0.0	0.0			
как проверить срок годности у духов lancome	2026-06-19 - 2026-07-19	1.0	0.0	0.0	5.0		0.0	0.0		0.0	0.0				1.0	0.0	0.0	5.0		0.0	0.0			
батч код марк якобс	2026-06-19 - 2026-07-19	1.0	0.0	0.0	10.0		0.0	0.0		0.0	0.0				1.0	0.0	0.0	10.0		0.0	0.0			
проверить батч код парфюма tom ford	2026-06-19 - 2026-07-19	1.0	0.0	0.0	10.0		0.0	0.0		0.0	0.0				1.0	0.0	0.0	10.0		0.0	0.0			
где посмотреть серийный код роберто кавалли	2026-06-19 - 2026-07-19	1.0	0.0	0.0	4.0		0.0	0.0		0.0	0.0				1.0	0.0	0.0	4.0		0.0	0.0			
как проверить крем на подлинность dior	2026-06-19 - 2026-07-19	1.0	1.0	100.0	1.0	1.0	1.0	1.0	100.0	0.0	0.0				0.0	0.0				0.0	0.0			
биодерма как проверить на оригинал	2026-06-19 - 2026-07-19	1.0	0.0	0.0	8.0		0.0	0.0		0.0	0.0				1.0	0.0	0.0	8.0		0.0	0.0			
где срок годности у garnier body tonic	2026-06-19 - 2026-07-19	1.0	0.0	0.0	7.0		0.0	0.0		0.0	0.0				1.0	0.0	0.0	7.0		0.0	0.0			
batch code color wow	2026-06-19 - 2026-07-19	1.0	1.0	100.0	4.0	4.0	0.0	0.0		0.0	0.0				1.0	1.0	100.0	4.0	4.0	0.0	0.0			
make up.forever срок годности	2026-06-19 - 2026-07-19	1.0	0.0	0.0	11.0		0.0	0.0		0.0	0.0				0.0	0.0				1.0	0.0	0.0	11.0	
discount reliable cosmetics manufacturer zărnești	2026-06-19 - 2026-07-19	1.0	0.0	0.0	11.0		0.0	0.0		0.0	0.0				0.0	0.0				1.0	0.0	0.0	11.0	
как отличить подделку от оригинала парфюм монбланк	2026-06-19 - 2026-07-19	1.0	1.0	100.0	2.0	2.0	0.0	0.0		1.0	1.0	100.0	2.0	2.0	0.0	0.0				0.0	0.0			
проверить сроки годности vichy	2026-06-19 - 2026-07-19	1.0	0.0	0.0	7.0		0.0	0.0		0.0	0.0				1.0	0.0	0.0	7.0		0.0	0.0			
губная помада эсте лаудер оригинальность пробить код	2026-06-19 - 2026-07-19	1.0	0.0	0.0	2.0		0.0	0.0		1.0	0.0	0.0	2.0		0.0	0.0				0.0	0.0			
tom ford срок годности	2026-06-19 - 2026-07-19	1.0	0.0	0.0	10.0		0.0	0.0		0.0	0.0				1.0	0.0	0.0	10.0		0.0	0.0			
узнать срок лореаль по штрих коду	2026-06-19 - 2026-07-19	1.0	0.0	0.0	8.0		0.0	0.0		0.0	0.0				1.0	0.0	0.0	8.0		0.0	0.0			
пример батч-код для эсте-лаудер	2026-06-19 - 2026-07-19	1.0	0.0	0.0	5.0		0.0	0.0		0.0	0.0				1.0	0.0	0.0	5.0		0.0	0.0			
calvin klein проверить по батч крду	2026-06-19 - 2026-07-19	1.0	0.0	0.0	9.0		0.0	0.0		0.0	0.0				1.0	0.0	0.0	9.0		0.0	0.0			
bottega veneta пробить код	2026-06-19 - 2026-07-19	1.0	0.0	0.0	4.0		0.0	0.0		0.0	0.0				1.0	0.0	0.0	4.0		0.0	0.0			
срок годности fenty beauty	2026-06-19 - 2026-07-19	1.0	0.0	0.0	5.0		0.0	0.0		0.0	0.0				1.0	0.0	0.0	5.0		0.0	0.0			
бачкод герлен	2026-06-19 - 2026-07-19	1.0	0.0	0.0	3.0		0.0	0.0		1.0	0.0	0.0	3.0		0.0	0.0				0.0	0.0			
проверить срок годности redken	2026-06-19 - 2026-07-19	1.0	0.0	0.0	5.0		0.0	0.0		0.0	0.0				1.0	0.0	0.0	5.0		0.0	0.0			
живанши проверить батч код бальзам	2026-06-19 - 2026-07-19	1.0	0.0	0.0	11.0		0.0	0.0		0.0	0.0				0.0	0.0				1.0	0.0	0.0	11.0	
эсте лаудер проверка на оригинальность	2026-06-19 - 2026-07-19	1.0	0.0	0.0	6.0		0.0	0.0		0.0	0.0				1.0	0.0	0.0	6.0		0.0	0.0			
